"latitude","longitude","name","stn"
"38.657","-90.656","ST LOUIS SPIRIT OF ST LOUIS A","724345"
"38.917","-90.417","ST CHARLES COUNTY A","724347"
"37.056","-88.774","PADUCAH BARKLEY REGIONAL AP","724350"
"38","-84.6","SOMERSET(AWOS)","724354"
"39.583","-85.8","SHELBYVILLE MUNI","724356"
"39.262","-85.896","COLUMBUS BAKALAR","724361"
"38.25","-86.95","HUNTINGBURG","724365"
"39.45","-87.3","TERRE HAUTE HULMAN REGIONAL A","724370"
"39.45","-87.3","TERRE HAUTE HULMAN REGIONAL A","724371"
"39.45","-87.317","TERRE HAUTE/HULMAN","724373"
"39.133","-86.617","MONROE CO","724375"
"39.71","-86.272","INDIANAPOLIS INTL AP","724380"
"39.833","-86.3","EAGLE CREEK","724384"
"40.117","-85.617","ANDERSON MUNICIPAL","724385"
"40.412","-86.937","LAFAYETTE PURDUE UNIV AP","724386"
"41.533","-85.783","GOSHEN","724388"
"39.845","-89.684","SPRINGFIELD CAPITAL AP","724390"
"38.883","-90.033","ST LOUIS RGNL","724395"
"39.943","-91.194","QUINCY MUNI BALDWIN FLD","724396"
"40.467","-88.917","CENTRAL ILLINOIS RG","724397"
"37.24","-93.39","SPRINGFIELD REGIONAL ARPT","724400"
"38.817","-92.218","COLUMBIA REGIONAL AIRPORT","724450"
"38.7","-93.183","SEDALIA MEMORIAL","724453"
"37.767","-90.433","FARMINGTON AIRPORT","724454"
"40.1","-92.55","KIRKSVILLE REGIONAL","724455"
"38.128","-91.769","VICHY ROLLA NATL ARPT","724456"
"37.733","-92.133","FORT LEONARD WOOD","724457"
"38.583","-92.15","JEFFERSON CITY MEM","724458"
"39.299","-94.718","KANSAS CITY INT'L ARPT","724460"
"39.123","-94.593","KANSAS CITY DOWNTOWN AP","724461"
"39.117","-94.6","KANSAS CITY MUNI","724463"
"52.8","173.167","DATSAV3 VIRT STATION (UNITED STATES)","724466"
"38.733","-93.55","WHITEMAN AFB","724467"
"38.85","-94.733","OLATHE/JOHNSON CO.","724468"
"38.833","-94.883","JOHNSON CO. INDUSTR","724475"
"39.767","-94.917","ST JOSEPH/ROSECRANS","724490"
"37.647","-97.429","WICHITA MID-CONTINENT AP","724500"
"37.3","-97","WINFIELD/ARK CITY","724502"
"37.75","-97.217","WICHITA/COL. JABARA","724504"
"37.617","-97.267","MCCONNELL AFB","724505"
"38.067","-97.867","HUTCHINSON MUNI","724506"
"37.67","-95.484","CHANUTE MARTIN JOHNSON AP","724507"
"39","-95.217","LAWRENCE MUNI ARPT","724508"
"38.05","-97.283","NEWTON (AWOS)","724509"
"37.773","-99.97","DODGE CITY REGIONAL AP","724510"
"37.933","-100.717","GARDEN CITY MUNI","724515"
"37.033","-100.95","LIBERAL MUNI","724516"
"38.35","-98.867","GREAT BEND (AWOS)","724517"
"38.85","-99.267","HAYS MUNI (AWOS)","724518"
"37.1","-95.567","COFFEYVILLE MUNI","724519"
"39.05","-96.767","FT RILEY/MARSHALL A","724550"
"39.133","-96.667","MANHATTAN RGNL","724555"
"38.333","-96.183","EMPORIA MUNICIPAL","724556"
"39.073","-95.626","TOPEKA MUNICIPAL AP","724560"
"38.95","-95.667","TOPEKA/FORBES FIELD","724565"
"39.367","-94.917","FORT LEAVENWORTH SHERMAN AAF","724567"
"39.549","-97.652","CONCORDIA BLOSSER MUNI AP","724580"
"38.872","-98.828","RUSSELL MUNICIPAL AP","724585"
"38.8","-97.633","SCHILLING AFB","724586"
"37.436","-105.866","ALAMOSA SAN LUIS VALLEY RGNL","724620"
"37.15","-107.75","DURANGO/LA PLATA CO","724625"
"37.95","-107.9","TELLURIDE REGIONAL","724627"
"38.051","-103.527","LA JUNTA MUNICIPAL AP","724635"
"38.29","-104.498","PUEBLO MEMORIAL AP","724640"
"37.259","-104.341","TRINIDAD LAS ANIMAS COUNTY AP","724645"
"39.368","-101.693","GOODLAND RENNER FIELD","724650"
"39.376","-99.83","HILL CITY MUNICIPAL AP","724655"
"38.812","-104.711","COLORADO SPRINGS MUNI AP","724660"
"38.817","-104.733","PETERSON AFB","724663"
"39.267","-103.667","LIMON MUNICIPAL","724665"
"39.567","-104.85","DENVER/CENTENNIAL","724666"
"39.217","-106.317","LEADVILLE/LAKE CO.","724673"
"40.033","-107.883","MEEKER","724674"
"39.65","-106.917","EAGLE CO. REGIONAL","724675"
"39.217","-106.867","ASPEN PITKIN CO SAR","724676"
"38.533","-106.933","GUNNISON CO. (AWOS)","724677"
"38.683","-104.767","FORT CARSON/BUTTS","724680"
"38.517","-106.017","SALIDA","724684"
"38.533","-106.05","SALIDA/ALEXANDER","724685"
"39.25","-102.283","BURLINGTON","724689"
"52.8","173.167","DATSAV3 VIRT STATION (UNITED STATES)","724690"
"39.717","-104.75","BUCKLEY ANGB/DENVER","724695"
"40.583","-105.083","FORT COLLINS(SAWRS)","724697"
"40.167","-103.217","AKRON/WASHINGTON CO","724698"
"39.917","-105.117","BROOMFIELD/JEFFCO","724699"
"39.617","-110.75","PRICE/CARBON COUNTY","724700"
"52.8","173.167","DATSAV3 VIRT STATION (UNITED STATES)","724720"
"37.617","-109.483","BLANDING","724721"
"38.417","-113.017","MILFORD MUNICIPAL","724750"
"37.083","-113.6","SAINT GEORGE (AWOS)","724754"
"37.702","-113.097","CEDAR CITY MUNICIPAL AP","724755"
"37.7","-112.15","BRYCE CANYON","724756"
"39.134","-108.538","GRAND JUNCTION WALKER FIELD","724760"
"38.5","-107.9","MONTROSE CO. ARPT","724765"
"37.3","-108.633","CORTEZ/MONTEZUMA CO","724767"
"40.45","-105.017","FORT COLLINS (AWOS)","724769"
"38.75","-109.75","MOAB/CANYONLANDS","724776"
"41.783","-111.85","LOGAN-CACHE AIRPORT","724796"
"38.443","-113.028","MILFORD MUNICIPAL AP","724797"
"37.373","-118.363","BISHOP AIRPORT","724800"
"37.383","-120.567","CASTLE AFB/MERCED","724810"
"37.283","-120.517","MERCED/MACREADY FLD","724815"
"38.367","-121.95","VACAVILLE NUT TREE","724828"
"38.513","-121.493","SACRAMENTO EXECUTIVE ARPT","724830"
"38.55","-121.3","MATHER FIELD","724833"
"38.554","-121.285","MATHER FIELD","724835"
"38.667","-121.4","MCCLELLAN AFB","724836"
"39.133","-121.433","BEALE AFB/MARYSVILE","724837"
"39.1","-121.567","YUBA CO","724838"
"38.7","-121.583","SACRAMENTO METRO","724839"
"37.8","-116.783","TONOPAH TEST RANGE","724844"
"36.217","-115.2","N LAS VEGAS","724846"
"52.8","173.167","DATSAV3 VIRT STATION (UNITED STATES)","724850"
"52.8","173.167","DATSAV3 VIRT STATION (UNITED STATES)","724851"
"38.06","-117.087","TONOPAH AIRPORT","724855"
"39.295","-114.845","ELY YELLAND FIELD","724860"
"39.484","-119.771","RENO TAHOE INTERNATIONAL AP","724880"
"39.417","-118.7","FALLON NAAS","724885"
"36.583","-121.85","MONTEREY PENINSULA","724915"
"36.683","-121.767","FRITZSCHE AAF","724916"
"36.663","-121.605","SALINAS MUNICIPAL AP","724917"
"37.894","-121.237","STOCKTON METROPOLITAN ARPT","724920"
"37.626","-120.953","MODESTO CITY-COUNTY AP","724926"
"37.7","-121.817","LIVERMORE MUNICIPAL","724927"
"37.733","-122.217","OAKLAND","724930"
"37.667","-122.117","HAYWARD AIR TERM","724935"
"37.992","-122.052","CONCORD CONCORD-BUCHANAN FIEL","724936"
"37.467","-122.117","PALO ALTO AIRPORT","724937"
"37.517","-122.25","SAN CARLOS AIRPORT","724938"
"37.62","-122.398","SAN FRANCISCO INTL AP","724940"
"37.362","-121.928","SAN JOSE INTL AP","724945"
"37.333","-121.817","SAN JOSE/REID/HILLV","724946"
"38.217","-122.283","NAPA CO. AIRPORT","724955"
"38.067","-122.517","HAMILTON AFB","724956"
"38.517","-122.817","SANTA ROSA (AWOS)","724957"
"39.783","-121.85","CHICO CALIFORNIA MAP","724970"
"37.067","-89.217","CAIRO","724975"
"42.567","-77.717","DANSVILLE MUNI ARPT","724988"
"41.517","-74.267","MONTGOMERY","725015"
"40.817","-72.867","SHIRLEY/BROOKHAVEN","725016"
"40.716","-74.169","NEWARK INTERNATIONAL ARPT","725020"
"40.85","-74.067","TETERBORO AIRPORT","725025"
"41.5","-72.817","MERIDEN/MARKHAM MUN","725027"
"41.483","-73.133","OXFORD (AWOS)","725029"
"40.779","-73.881","NEW YORK LAGUARDIA ARPT","725030"
"40.783","-73.967","NEW YORK CENTRAL PRK OBS BELV","725033"
"40.794","-73.102","ISLIP LONG ISL MACARTHUR AP","725035"
"41.633","-73.883","POUGHKEEPSIE","725036"
"41.067","-73.708","WHITE PLAINS WESTCHESTER CO A","725037"
"41.5","-74.1","NEWBURGH/STEWART","725038"
"41.175","-73.146","BRIDGEPORT SIKORSKY MEMORIAL","725040"
"41.267","-72.883","NEW HAVEN/TWEED","725045"
"41.333","-72.05","GROTON/NEW LONDON","725046"
"41.917","-71.5","PAWTUCKET (AWOS)","725054"
"42.467","-71.283","HANSCOM FIELD","725059"
"41.65","-70.517","OTIS ANGB","725060"
"41.253","-70.061","NANTUCKET MEMORIAL AP","725061"
"41.25","-70.067","NANTUCKET MEMORIAL","725063"
"41.917","-70.733","PLYMOUTH MUNICIPAL","725064"
"41.667","-70.95","NEW BEDFORD RGNL","725065"
"41.4","-70.617","MARTHAS VINEYARD","725066"
"41.667","-70.267","BARNSTABLE MUNI BOA","725067"
"41.867","-71.017","TAUNTON MUNI ARPT","725068"
"41.683","-70","CHATHAM MUNI ARPT","725069"
"41.722","-71.433","PROVIDENCE T F GREEN STATE AR","725070"
"42.067","-70.217","PROVINCETOWN (AWOS)","725073"
"42.7","-73.167","NORTH ADAMS","725075"
"41.517","-71.283","NEWPORT","725079"
"41.938","-72.683","HARTFORD BRADLEY INTL AP","725080"
"41.733","-72.183","WILLIMANTIC (ASOS)","725084"
"42.567","-72.267","ORANGE (ASOS)","725085"
"41.367","-73.483","DANBURY MUNICIPAL","725086"
"41.733","-72.65","HARTFORD/BRAINARD","725087"
"42.583","-70.917","BEVERLY MUNI","725088"
"42.361","-71.011","BOSTON LOGAN INT'L ARPT","725090"
"42.267","-71.876","WORCHESTER REGIONAL ARPT","725095"
"42.15","-70.933","SOUTH WEYMOUTH NAS","725097"
"42.183","-71.183","NORWOOD MEMORIAL","725098"
"40.373","-75.959","READING SPAATZ FIELD","725101"
"40.383","-75.967","READING/SPAATZ FLD","725103"
"41.617","-80.2","MEADVILLE","725104"
"40.817","-76.867","SELINSGROVE","725105"
"42.55","-71.75","FITCHBURG","725107"
"40.233","-75.55","POTTSTOWN LIMERICK","725109"
"40.217","-76.851","HARRISBURG CAPITAL CITY ARPT","725110"
"40.217","-76.85","HARRISBURG CAPITAL CITY ARPT","725111"
"40.333","-75.117","DOYLESTOWN","725113"
"39.917","-76.867","YORK ARPT","725114"
"40.194","-76.763","MIDDLETOWN HARRISBURG INTL AP","725115"
"40.117","-76.283","LANCASTER","725116"
"40.217","-76.85","HARRISBURG/CAPITAL","725118"
"41.033","-78.4","CLEARFIELD-LAWRENCE","725119"
"52.8","173.167","DATSAV3 VIRT STATION (UNITED STATES)","725120"
"40.783","-79.95","BUTLER CO. (AWOS)","725124"
"41.183","-78.9","DU BOIS (AWOS)","725125"
"40.3","-78.317","ALTOONA BLAIR CO ARPT","725126"
"40.317","-78.833","JOHNSTOWN/CAMBRIA","725127"
"40.85","-77.85","STATE COLLEGE","725128"
"41.339","-75.727","WILKES-BARRE SCRANTON INTL AP","725130"
"41.183","-75.417","TOBYHANNA","725135"
"41.243","-76.922","WILLIAMSPORT REGIONAL AP","725140"
"41.7","-74.8","MONTICELLO(AWOS)","725145"
"43.35","-76.383","FULTON","725146"
"42.208","-75.981","BINGHAMTON EDWIN A LINK FIELD","725150"
"42.483","-76.45","ITHACA/TOMPKINS CO.","725155"
"42.167","-76.9","ELMIRA/CORNING RGNL","725156"
"42.1","-77.983","WELLSVILLE MUNICIPA","725157"
"43.517","-72.95","RUTLAND STATE","725165"
"40.651","-75.449","ALLENTOWN LEHIGH VALLEY INTL","725170"
"42.748","-73.803","ALBANY COUNTY AP","725180"
"43.341","-73.61","GLENS FALLS AP","725185"
"44.683","-73.517","CLINTON CO","725187"
"43.109","-76.103","SYRACUSE HANCOCK INT'L ARPT","725190"
"42.667","-77.05","PENN YAN","725194"
"43.233","-75.4","GRIFFISS AFB","725196"
"43.145","-72.384","UTICA ONEIDA COUNTY AP","725197"
"40.501","-80.231","PITTSBURGH INTERNATIONAL AP","725200"
"40.35","-79.933","PITTSBURGH/ALLEGHEN","725205"
"40.533","-80.217","PITTSBURGH NEXRAD","725206"
"40.267","-79.4","ARNOLD PALMER RGNL","725207"
"40.617","-83.067","MARION MUNI ARPT","725208"
"40.918","-81.443","AKRON AKRON-CANTON REG AP","725210"
"41.35","-82.183","ELYRIA/LORAIN CO.","725214"
"40.867","-81.883","WOOSTER","725216"
"39.367","-84.517","HAMILTON","725217"
"40.467","-81.417","NEW PHILADELPHIA","725224"
"40.017","-82.45","NEWARK/HEATH AIRPRT","725229"
"42.15","-79.267","JAMESTOWN (AWOS)","725235"
"41.405","-81.853","CLEVELAND HOPKINS INTL AP","725240"
"41.517","-81.683","BURKE LAKEFRONT","725245"
"40.82","-82.518","MANSFIELD LAHM MUNICIPAL ARPT","725246"
"41.567","-81.483","CUYAHOGA CO","725247"
"41.254","-80.674","YOUNGSTOWN REGIONAL AIRPORT","725250"
"41.333","-84.417","DEFIANCE MEMORIAL","725254"
"41.767","-80.683","ASHTABULA COUNTY AR","725256"
"42.08","-80.183","ERIE INTERNATIONAL AP","725260"
"42.117","-80.8","ERIE (CGS)","725265"
"41.803","-78.64","BRADFORD REGIONAL AP","725266"
"41.383","-79.867","FRANKLIN(AWOS)","725267"
"42.85","-80.267","SIMCOE (MARS)","725270"
"42.941","-78.736","BUFFALO NIAGARA INTL AP","725280"
"43.1","-78.95","NIAGARA FALLS INTL","725287"
"43.117","-77.677","ROCHESTER GREATER ROCHESTER I","725290"
"41.986","-87.914","CHICAGO OHARE INTL AP","725300"
"41.917","-88.25","W. CHICAGO/DU PAGE","725305"
"52.8","173.167","DATSAV3 VIRT STATION (UNITED STATES)","725306"
"40.3","-88.15","RANTOUL CHANUTE AFB","725310"
"38.567","-90.15","CAHOKIA/ST. LOUIS","725314"
"40.033","-88.267","UNIV OF ILLINOIS WI","725315"
"39.833","-88.867","DECATUR","725316"
"39.483","-88.283","MATTOON/CHARLESTON","725317"
"40.668","-89.684","PEORIA GREATER PEORIA AP","725320"
"41.75","-89.667","STERLING ROCKFALLS","725326"
"41.45","-87","PORTER CO MUNI","725327"
"41.006","-85.206","FORT WAYNE INTL AP","725330"
"40.65","-86.15","GRISSOM ARB","725335"
"40.233","-85.383","DELAWARE CO JOHNSON","725336"
"41.617","-87.4","GARY CHICAGO","725337"
"41.783","-87.75","CHICAGO/MIDWAY","725340"
"38.767","-87.6","LAWRENCEVILLE/VIN.","725342"
"41.517","-88.183","JOLIET PARK DISTRIC","725345"
"41.867","-87.6","CHICAGO/MEIGS","725346"
"42.417","-87.867","CHICAGO/WAUKEGAN","725347"
"41.6","-88.083","CHICAGO NEXRAD","725348"
"41.617","-90.583","DAVENPORT NEXRAD","725349"
"41.707","-86.333","SOUTH BEND MICHIANA RGNL AP","725350"
"41.717","-86","ELKHART MUNI","725354"
"41.589","-83.801","TOLEDO EXPRESS AIRPORT","725360"
"41.014","-83.669","FINDLAY AIRPORT","725366"
"42.215","-83.349","DETROIT METROPOLITAN ARPT","725370"
"42.1","-83.15","GROSSE ISLE ARPT","725373"
"42.217","-83.75","ANN ARBOR MUNICIPAL","725374"
"42.409","-83.01","DETROIT CITY AIRPORT","725375"
"42.233","-83.533","DETROIT/WILLOW RUN","725376"
"42.617","-82.833","SELFRIDGE ANGB","725377"
"42.633","-83.983","HOWELL","725378"
"42.267","-82.967","WINDSOR AIRPORT","725380"
"41.817","-85.433","STURGIS/KIRSH MUNI","725383"
"42.917","-82.533","ST.CLAIR COUNTY INT","725384"
"42.78","-84.579","LANSING CAPITAL CITY ARPT","725390"
"42.75","-86.1","HOLLAND/TULIP CITY","725394"
"42.26","-84.459","JACKSON REYNOLDS FIELD","725395"
"42.3","-85.25","BATTLE CREEK","725396"
"41.867","-84.083","ADRIAN","725404"
"43.317","-84.683","ALMA","725405"
"43.783","-82.983","BAD AXE","725406"
"45.017","-84.683","GAYLORD","725407"
"45.967","-86.183","MANISTIQUE","725408"
"41.917","-84.583","HILLSDALE","725409"
"41.933","-85.05","COLDWATER","725414"
"42.25","-84.95","MARSHALL BROOKS","725415"
"43.717","-85.5","BIG RAPIDS","725416"
"42.567","-84.417","MASON","725417"
"41.933","-83.433","MONROE","725418"
"43.617","-84.733","MT PLEASANT MUNI","725424"
"42.196","-89.093","ROCKFORD GREATER ROCKFORD AP","725430"
"41.133","-75.383","MT POCONO MUNI","725434"
"41.465","-90.523","MOLINE QUAD CITY INTL AP","725440"
"41.884","-91.709","CEDAR RAPIDS MUNICIPAL AP","725450"
"41.4","-95.05","ATLANTIC","725453"
"40.783","-91.125","BURLINGTON MUNICIPAL AP","725455"
"40.467","-91.433","KEOKUK MUNI","725456"
"43.083","-94.267","ALGONA","725457"
"41.538","-93.666","DES MOINES INTL AP","725460"
"42.1","-92.917","MARSHALL TOWN MUNI","725461"
"41.633","-91.55","IOWA CITY MUNI","725462"
"41.107","-92.448","OTTUMWA INDUSTRIAL AP","725465"
"41.683","-93.55","ANKENY REGIONAL ARP","725466"
"40.75","-95.417","SHENANDOAH MUNI","725467"
"42.05","-94.783","CARROLL","725468"
"41.033","-93.367","CHARITON","725469"
"42.398","-90.704","DUBUQUE REGIONAL AP","725470"
"42","-93.617","AMES MUNI ARPT","725472"
"41.833","-90.333","CLINTON MUNI (AWOS)","725473"
"41.017","-94.367","CRESTON","725474"
"42.233","-91.167","MONTICELLO MUNI","725475"
"43.283","-91.733","DECORAH","725476"
"40.717","-95.033","CLARINDA","725479"
"42.554","-92.401","WATERLOO MUNICIPAL AP","725480"
"42.783","-96.2","LE MARS","725484"
"43.158","-93.331","MASON CITY MUNICIPAL ARPT","725485"
"42.05","-93.85","BOONE MUNI","725486"
"41.367","-91.15","MUSCATINE","725487"
"42.683","-91.967","OELWEN","725488"
"42.983","-96.067","ORANGE CITY","725489"
"42.6","-95.233","STORM LAKE","725496"
"41.267","-95.767","COUNCIL BLUFFS","725497"
"40.617","-93.95","LAMONI","725499"
"41.31","-95.899","OMAHA EPPLEY AIRFIELD","725500"
"40.831","-96.764","LINCOLN MUNICIPAL ARPT","725510"
"40.9","-97.617","YORK","725512"
"40.9","-98","AURORA","725513"
"40.3","-96.75","BEATRICE MUNICIPAL","725515"
"40.958","-98.313","GRAND ISLAND CENTRAL NE REGIO","725520"
"41.617","-98.95","ORD/SHARP FIELD","725524"
"40.6","-98.433","HASTINGS MUNICIPAL","725525"
"40.733","-99","KEARNEY MUNI (AWOS)","725526"
"41.767","-96.167","TEKAMAH (ASOS)","725527"
"41.367","-96.017","OMAHA WSFO","725530"
"40.083","-95.6","FALLS CITY/BRENNER","725533"
"41.117","-95.917","OFFUTT AFB/BELLEVUE","725540"
"40.6","-95.867","NEBRASKA CITY","725541"
"41.433","-99.65","BROKEN BOW MUNI","725555"
"42.583","-100","AINSWORTH MUNICIPAL","725556"
"41.981","-97.437","NORFOLK KARL STEFAN MEM ARPT","725560"
"41.45","-96.517","FREMONT MUNI ARPT","725564"
"41.45","-97.333","COLUMBUS MUNI","725565"
"42.467","-98.683","O`NEILL/BAKER FIELD","725566"
"42.391","-96.379","SIOUX CITY SIOUX GATEWAY AP","725570"
"41.1","-102.983","SIDNEY MUNI (AMOS)","725610"
"41.122","-100.668","NORTH PLATTE REGIONAL AP","725620"
"41.117","-101.767","OGALLA/SEARLE FLD","725621"
"40.783","-99.767","LEXINGTON/JIM KELL","725624"
"40.2","-100.583","MCCOOK MUNICIPAL","725625"
"40.517","-101.617","IMPERIAL MUNICIPAL","725626"
"42.05","-101.067","MULLEN/HOOKER CO.","725627"
"40.45","-99.333","BREWSTER FIELD ARPT","725628"
"41.101","-102.985","SIDNEY MUNICIPAL AP","725630"
"40.867","-100","COZAD MUNICIPAL","725634"
"42.05","-102.8","ALLIANCE MUNICIPAL","725635"
"42.833","-103.1","CHADRON MUNICIPAL","725636"
"41.158","-104.807","CHEYENNE MUNICIPAL ARPT","725640"
"41.313","-105.674","LARAMIE GENERAL BREES FIELD","725645"
"39.833","-104.658","DENVER INTL AP","725650"
"41.874","-103.595","SCOTTSBLUFF W B HEILIG FIELD","725660"
"41.183","-103.683","KIMBALL MUNI APT","725665"
"42.859","-100.551","VALENTINE MILLER FIELD","725670"
"42.75","-105.383","DOUGLAS","725685"
"42.8","-105.383","DOUGLAS","725686"
"42.898","-106.473","CASPER NATRONA CO INTL AP","725690"
"40.5","-107.533","CRAIG-MOFFAT","725700"
"40.433","-109.517","VERNAL","725705"
"40.483","-107.217","HAYDEN/YAMPA (AWOS)","725715"
"39.533","-107.8","RIFLE (AWRS)","725716"
"39.533","-107.717","RIFLE/GARFIELD RGNL","725717"
"40.787","-111.968","SALT LAKE CITY INT'L ARPT","725720"
"40.217","-111.717","PROVO MUNI (AWOS)","725724"
"41.594","-109.065","ROCK SPRINGS ARPT","725740"
"41.594","-109.065","ROCK SPRINGS ARPT","725741"
"41.594","-109.065","ROCK SPRINGS ARPT","725744"
"41.806","-107.2","RAWLINS MUNICIPAL AP","725745"
"41.2","-112.017","OGDEN-HINCKLEY MUNI","725750"
"41.117","-111.967","HILL AFB/OGDEN","725755"
"42.817","-108.733","LANDER HUNT FIELD","725760"
"42.3","-104.9","TORRINGTON MUNICIPA","725763"
"43.067","-108.467","RIVERTON REGIONAL","725765"
"41.283","-111.033","EVANSTON/BURNS FLD","725775"
"43.6","-110.733","JACKSON HOLE","725776"
"42.92","-112.571","POCATELLO REGIONAL AP","725780"
"43.516","-112.067","IDAHO FALLS FANNING FIELD","725785"
"52.8","173.167","DATSAV3 VIRT STATION (UNITED STATES)","725800"
"40.066","-118.565","LOVELOCK DERBY FIELD","725805"
"40.733","-114.033","WENDOVER (AUT)","725810"
"40.183","-112.933","DUGWAY PG UTAH/MICHALES AAF","725816"
"40.85","-115.733","ELKO RAOB","725820"
"40.825","-115.792","ELKO MUNICIPAL ARPT","725825"
"40.902","-117.807","WINNEMUCCA MUNICIPAL ARPT","725830"
"39.292","-120.708","BLUE CANYON AP","725845"
"39.317","-120.133","TRUCKEE-TAHOE","725846"
"38.9","-120","SOUTH LAKE TAHOE","725847"
"42.917","-114.767","GOODING MUNICIPAL","725860"
"42.917","-114.767","GOODING MUNICIPAL ARPT","725861"
"44.883","-116.1","MCCALL ARPT","725864"
"43.5","-114.3","HAILEY/FRIEDMAN MEM","725865"
"42.483","-114.483","JOSLIN FLD MAGIC VA","725866"
"42.543","-113.772","BURLEY MUNICIPAL ARPT","725867"
"42.15","-121.733","KLAMATH FALLS/KINGS","725895"
"39.133","-123.2","UKIAH MUNI (AWOS)","725905"
"40.152","-122.254","RED BLUFF MUNICIPAL ARPT","725910"
"40.515","-122.313","REDDING MUNICIPAL ARPT","725915"
"40.515","-122.313","REDDING MUNICIPAL ARPT","725920"
"40.978","-124.109","ARCATA AIRPORT","725945"
"41.783","-124.233","CRESCENT CITY","725946"
"41.783","-122.467","MONTAGUE/SISKIYOU","725955"
"41.317","-122.317","MOUNT SHASTA (AMOS)","725957"
"41.5","-120.533","ALTURAS","725958"
"41.733","-122.55","MONTAGUE","725959"
"42.389","-122.871","MEDFORD ROGUE VALLEY INTL AP","725970"
"42.617","-123.381","SEXTON SUMMIT","725975"
"43.933","-60.017","SABLE ISLAND","726000"
"44.633","-63.5","SHEARWATER(CAN-MIL)","726010"
"43.833","-66.083","YARMOUTH AIRPORT","726030"
"44.217","-71.75","FRANCONIA","726040"
"43.195","-71.501","CONCORD MUNICIPAL ARPT","726050"
"43.083","-70.817","PEASE INTL TRADEPOR","726055"
"43.267","-70.917","SKYHAVEN ARPT ROCHE","726056"
"43.642","-70.304","PORTLAND INTL JETPORT","726060"
"45.2","-67.25","ST. STEPHEN (MARS)","726070"
"44.808","-68.824","BANGOR AIRPORT","726071"
"47.283","-68.3","NORTHERN AROOSTOOK","726083"
"44.808","-68.824","BANGOR INTERNATIONAL AP","726088"
"45.317","-65.883","SAINT JOHN AIRPORT","726090"
"45.433","-71.683","SHERBROOKE AIRPORT","726100"
"44.533","-72.617","MORRISVILLE/STONE","726114"
"43.35","-72.517","SPRINGFIELD/HARTNES","726115"
"43.633","-72.3","LEBANON MUNICIPAL","726116"
"44.267","-71.3","MOUNT WASHINGTON","726130"
"44.203","-72.579","MONTPELIER AP","726145"
"43.567","-71.417","LACONIA MUNI (AWOS)","726155"
"44.583","-71.183","BERLIN MUNICIPAL","726160"
"42.8","-72","JAFFREY MUNICIPAL","726163"
"44.367","-71.55","WHITEFIELD","726164"
"42.883","-73.233","BENNINGTON MORSE AR","726166"
"44.468","-73.15","BURLINGTON INTERNATIONAL AP","726170"
"44.05","-70.95","FRYEBURG/EASTERN","726183"
"44.321","-69.797","AUGUSTA AIRPORT","726185"
"45.65","-68.683","MILLINOCKET MUNI","726196"
"44.217","-76.6","KINGSTON ARPT (MAN)","726200"
"44.117","-77.533","TRENTON (CAN-MIL)","726210"
"44.936","-74.846","MASSENA AP","726221"
"44.936","-74.846","MASSENA AP","726223"
"44.65","-73.467","PLATTSBURGH AFB","726225"
"43.992","-76.022","WATERTOWN AP","726227"
"44.383","-74.2","ADIRONDACK RGNL","726228"
"43.033","-81.15","LONDON AIRPORT","726230"
"43.683","-79.633","TORONTO/PEARSON","726240"
"43.75","-79.483","COTE-STE-CATH MOT","726245"
"43.167","-79.933","HAMILTON AIRPORT","726246"
"43.633","-79.4","TORONTO IL ARPT AUT","726247"
"43.183","-79.183","ST. CATHARINES ARPT","726248"
"45.95","-77.317","PETAWAWA A,ONT","726250"
"45.467","-73.75","MONTREAL DORVAL INTL AP","726270"
"45.517","-73.417","SAINT HUBERT ARPT","726275"
"45.683","-74.033","MONTREAL/MIRABEL","726278"
"45.317","-75.667","OTTAWA INTL AIRPORT","726280"
"46.35","-87.383","SAWYER INTL","726284"
"44.233","-79.783","EGBERT","726300"
"43.983","-80.75","MOUNT FOREST(MARS)","726310"
"44.75","-81.1","WIARTON AIRPORT","726330"
"44.9","-84.717","GAYLORD","726340"
"43","-82.3","SARNIA","726341"
"42.882","-85.523","GRAND RAPIDS KENT COUNTY INT'","726350"
"42.133","-86.433","BENTON HARBOR/ROSS","726355"
"42.233","-85.55","KALAMAZOO BATTLE CR","726357"
"43.171","-86.237","MUSKEGON COUNTY ARPT","726360"
"43.967","-86.4","LUDINGTON/MASON","726364"
"42.967","-83.749","FLINT BISHOP INTL ARPT","726370"
"42.667","-83.417","OAKLAND CO INTL","726375"
"43.533","-84.08","SAGINAW TRI CITY INTL AP","726379"
"44.368","-84.691","HOUGHTON LAKE ROSCOMMON CO AR","726380"
"44.283","-85.417","CADILLAC/WEXFORD CO","726384"
"44.267","-86.25","MANISTEE (AWOS)","726385"
"44.741","-85.583","TRAVERSE CITY CHERRY CAPITAL","726387"
"45.072","-83.581","ALPENA COUNTY REGIONAL AP","726390"
"38.8","-106.217","COTTONWOOD PASS","726391"
"46.317","-85.45","NEWBERRY LUCE CO.","726394"
"44.45","-83.4","WURTSMITH AFB","726395"
"42.947","-87.897","MILWAUKEE MITCHELL INTL AP","726400"
"45.933","-89.733","MINOCQUA/WOODRUFF","726404"
"43.117","-88.033","MILWAUKEE/TIMMERMAN","726405"
"43.033","-88.233","WAUKESHA","726409"
"43.141","-89.345","MADISON DANE CO REGIONAL ARPT","726410"
"43.417","-88.133","WEST BEND MUNI","726413"
"42.6","-89.583","MONROE MUNICIPAL AI","726414"
"42.617","-89.033","JANESVILLE/ROCK CO.","726415"
"43.217","-90.183","LONE ROCK REGIONAL","726416"
"45.1","-90.3","MEDFORD","726417"
"45.317","-92.683","OSCEOLA","726418"
"46.55","-90.917","ASHLAND KENNEDY ME","726419"
"42.767","-87.817","RACINE","726424"
"43.783","-87.85","SHEBOYGAN","726425"
"44.55","-89.533","STEVENS POINT","726426"
"46.683","-92.1","SUPERIOR","726427"
"43.754","-91.256","LA CROSSE MUNICIPAL ARPT","726430"
"44.865","-91.485","EAU CLAIRE COUNTY AP","726435"
"43.933","-90.267","VOLK/CAMP DOUGLAS","726436"
"43.967","-90.733","MCCOY (USA-AF)","726437"
"43.15","-90.667","BOSCOBEL AIRPORT","726438"
"43.904","-92.492","ROCHESTER INTERNATIONAL ARPT","726440"
"43.017","-91.117","PRAIRIE DU CHIEN","726444"
"45.183","-89.7","MERRILL MUNI ARPT","726449"
"44.513","-88.12","GREEN BAY AUSTIN STRAUBEL INT","726450"
"44.35","-89.833","WISCONSIN RAPIDS","726452"
"44.133","-87.683","MANITOWAC MUNI AWOS","726455"
"43.983","-88.55","WITTMAN RGNL","726456"
"44.25","-88.517","APPLETON/OUTAGAMIE","726457"
"44.85","-87.417","STURGEON BAY","726458"
"44.929","-89.627","WAUSAU MUNICIPAL ARPT","726460"
"44.929","-89.627","WAUSAU MUNICIPAL ARPT","726461"
"44.929","-89.627","WAUSAU MUNICIPAL ARPT","726463"
"43.167","-88.717","WATERTOWN","726464"
"44.783","-89.667","MOSINEE/CENTRAL WI","726465"
"45.217","-96","APPLETON MUNI ARPT","726466"
"45.483","-91.717","RICE LAKE MUNICIPAL","726467"
"45.7","-90.4","PHILLIPS/PRICE CO.","726468"
"45.75","-87.033","ESCANABA (AWOS)","726480"
"45.717","-87.1","ESCANABA (AWOS)","726482"
"45.133","-87.633","MENOMINEE (AWOS)","726487"
"41.05","-91.983","FAIR FIELD","726498"
"43.4","-94.75","ESTHERVILLE MUNI","726499"
"43.167","-95.15","SPENCER","726500"
"44.617","-88.733","CLINTONVILLE MUNI","726502"
"43.517","-89.767","WISCONSIN DELLS","726503"
"45.933","-89.267","EAGLE RIVER UNION","726504"
"42.583","-87.917","KENOSHA RGNL","726505"
"43.767","-88.483","FOND DU LAC CO.","726506"
"42.883","-90.233","MINERAL POINT","726507"
"46.033","-91.45","HAYWARD MUNI ARPT","726508"
"43.433","-88.7","JUNEAU/DODGE CO","726509"
"43.577","-96.754","SIOUX FALLS FOSS FIELD","726510"
"43.733","-103.617","CUSTER (RAMOS)","726514"
"44.3","-96.817","BROOKINGS (AWOS)","726515"
"44.05","-101.6","PHILIP ARPT","726516"
"43.033","-102.517","PINE RIDGE","726517"
"43.383","-99.85","WINNER","726518"
"42.917","-97.383","CHAN GURNEY MUNI","726525"
"44.385","-98.229","HURON REGIONAL ARPT","726540"
"48.017","-92.867","ORR","726544"
"43.767","-98.033","MITCHELL (AWOS)","726545"
"44.931","-97.154","WATERTOWN MUNICIPAL AP","726546"
"45.65","-95.317","GLENWOOD (ASOS)","726547"
"48.933","-95.333","WARROAD INTL","726548"
"47.817","-92.7","COOK MUNI ARPT","726549"
"45.545","-94.052","ST CLOUD REGIONAL ARPT","726550"
"44.967","-95.717","MONTEVIDEO (AWOS)","726553"
"43.983","-94.55","ST JAMES MUNI ARPT","726554"
"46.4","-94.133","BRAINERD/WIELAND","726555"
"44.55","-95.083","REDWOOD FALLS MUNI","726556"
"45.883","-95.393","ALEXANDRIA MUNICIPAL AP","726557"
"46.7","-92.5","CLOQUET (AWOS)","726558"
"44.45","-95.817","MARSHALL/RYAN(AWOS)","726559"
"46.283","-96.15","FERGUS FALLS(AWOS)","726560"
"46.45","-95.217","WADENA","726561"
"44.617","-93.217","AIRLAKE ARPT","726562"
"44.333","-93.317","FARIBAULT MUNI AWOS","726563"
"44.583","-92.483","RED WING","726564"
"45.717","-95.967","MORRIS MUNI (AWOS)","726565"
"43.983","-96.317","PIPESTONE (AWOS)","726566"
"44.317","-94.5","NEW ULM MUNI (AWOS)","726567"
"44.117","-93.25","OWATONNA (AWOS)","726568"
"44.867","-94.383","HUTCHINSON (AWOS)","726569"
"44.633","-90.183","MARSHFIELD MUNI","726574"
"45.067","-93.35","MINNEAPOLIS/CRYSTAL","726575"
"45.117","-95.083","WILLMAR/RICE (AWOS)","726576"
"45.15","-93.217","MINNEAPOLIS/BLAINE","726577"
"45.95","-94.35","LITTLE FALLS (AWOS)","726578"
"44.817","-93.45","FLYING CLOUD","726579"
"44.883","-93.229","MINNEAPOLIS-ST PAUL INT'L ARP","726580"
"45.1","-94.5","LITCHFIELD MUNI","726583"
"44.95","-93.067","SAINT PAUL DOWNTOWN","726584"
"44.217","-93.917","MANKATO(AWOS)","726585"
"43.65","-94.417","FAIRMONT MUNI(AWOS)","726586"
"43.65","-95.583","WORTHINGTON (AWOS)","726587"
"44.083","-91.7","WINONA MUNI (AWOS)","726588"
"43.683","-93.367","ALBERT LEA (AWOS)","726589"
"45.45","-98.421","ABERDEEN REGIONAL ARPT","726590"
"43.65","-94.983","JACKSON MUNI","726593"
"44.017","-92.817","DODGE CENTER AIRPOR","726596"
"44.85","-93.15","SOUTH ST PAUL MUNI","726603"
"44.046","-103.054","RAPID CITY REGIONAL ARPT","726620"
"44.15","-103.1","ELLSWORTH AFB","726625"
"45.15","-87.15","ANTIGO/LANG(AWOS)","726626"
"44.35","-105.533","GILLETTE/GILLETTE-C","726650"
"44.383","-106.717","JOHNSON CO ARPT","726654"
"44.774","-106.976","SHERIDAN COUNTY ARPT","726660"
"43.967","-107.95","WORLAND MUNICIPAL","726665"
"44.5","-108.067","SOUTH BIG HORN CO","726667"
"46.428","-105.886","MILES CITY MUNICIPAL ARPT","726675"
"47.133","-104.8","GLENDIVE(AWOS)","726676"
"45.683","-92.95","RUSH CITY RGNL ARPT","726679"
"45.55","-100.417","MOBRIDGE","726680"
"45.55","-93.6","PRINCETON MUNI","726682"
"45.533","-100.433","MOBRIDGE","726685"
"44.383","-100.286","PIERRE MUNICIPAL AP","726686"
"44.517","-109.017","CODY MUNI (AWOS)","726700"
"42.567","-110.1","BIG PINEY (AMOS)","726710"
"43.067","-108.467","RIVERTON RAOB","726720"
"44.567","-112.317","MONIDA","726766"
"45.808","-108.543","BILLINGS LOGAN INT'L ARPT","726770"
"46.433","-109.833","HARLOWTON","726775"
"47.049","-109.467","LEWISTOWN MUNICIPAL ARPT","726776"
"46.333","-104.25","BAKER MUNI ARPT","726777"
"45.953","-112.513","BUTTE BERT MOONEY ARPT","726785"
"52.8","173.167","DATSAV3 VIRT STATION (UNITED STATES)","726790"
"45.25","-112.55","DILLON AIRPORT","726796"
"45.794","-111.152","BOZEMAN GALLATIN FIELD","726797"
"45.699","-110.448","LIVINGSTON MISSION FIELD","726798"
"43.565","-116.22","BOISE AIR TERMINAL","726810"
"43.633","-116.633","CALDWELL (AWOS)","726813"
"43.05","-115.867","MOUNTAIN HOME AFB","726815"
"42.733","-114.45","JEROME","726816"
"47.45","-115.667","MULLAN PASS","726817"
"43.833","-111.8","REXBURG","726818"
"43.583","-118.95","BURNS MUNI (AMOS)","726830"
"44.254","-121.15","REDMOND ROBERTS FIELD","726835"
"45.767","-122.85","SCAPPOOSE INDUSTRIA","726836"
"44.017","-117.017","ONTARIO MUNICIPAL","726837"
"43.592","-118.954","BURNS MUNICIPAL ARPT","726838"
"45.117","-113.883","SALMON/LEMHI (AWOS)","726865"
"45.95","-116.133","GRANGEVILLE","726871"
"45.95","-116.133","GRANGEVILLE","726873"
"44.4","-118.967","GRANT RGNL OGILVIE","726876"
"45.698","-118.834","PENDLETON E OR REGIONAL AP","726880"
"45.183","-123.133","MC MINNVILLE MUNI","726881"
"45.833","-119.267","HERMISTN MUNI ARPT","726883"
"45.511","-118.425","MEACHAM","726885"
"44.838","-117.81","BAKER MUNICIPAL AP","726886"
"43.239","-123.355","ROSEBURG MUNICIPAL AP","726901"
"43.233","-123.35","ROSEBURG REG ARPT","726904"
"52.8","173.167","DATSAV3 VIRT STATION (UNITED STATES)","726910"
"43.417","-124.25","NORTH BEND (AWOS)","726917"
"44.133","-123.214","EUGENE MAHLON SWEET ARPT","726930"
"44.908","-122.995","SALEM MCNARY FIELD","726940"
"52.8","173.167","DATSAV3 VIRT STATION (UNITED STATES)","726950"
"44.583","-124.05","NEWPORT MUNICIPAL","726958"
"45.25","-122.767","AURORA STATE","726959"
"45.591","-122.6","PORTLAND INTERNATIONAL AP","726980"
"45.55","-122.4","PORTLAND/TROUTDALE","726985"
"45.533","-122.95","PORTLAND/HILLSBORO","726986"
"45.667","-121.883","CASCADE LOCKS STATE","726987"
"45.619","-121.167","THE DALLES MUNICIPAL ARPT","726988"
"45.867","-66.533","FREDERICTON AIRPORT","727000"
"46.433","-63.833","SUMMERSIDE(CAN-MIL)","727020"
"46.133","-67.783","HOULTON INTL ARPT","727031"
"46.117","-67.8","HOULTON INTL ARPT","727033"
"46.117","-64.683","MONCTON AIRPORT","727050"
"46.283","-63.133","CHARLOTTETOWN ARPT","727060"
"46.167","-60.05","SYDNEY AIRPORT","727070"
"47.383","-61.867","ILES DE LA MADELEIN","727090"
"48","-66.333","CHARLO AIRPORT","727110"
"46.867","-68.033","CARIBOU MUNICIPAL ARPT","727120"
"46.95","-67.883","LORING AFB/LIMESTON","727125"
"46.683","-68.05","PRESQUE ISLE (AWOS)","727130"
"43.967","-69.717","WISCASSET","727135"
"46.8","-71.383","QUEBEC AIRPORT","727140"
"47.8","-69.55","RIVIERE DU LOUP","727150"
"47.017","-65.45","CHATHAM","727170"
"48.6","-68.2","MONT JOLI AIRPORT","727180"
"46.05","-74.283","STE AGATHE DES MONT","727200"
"46.367","-75.983","MANIWAKI","727220"
"48.05","-77.783","VAL DOR","727250"
"48.2","-78.833","ROUYN AIRPORT","727255"
"47.917","-74.617","PARENT (MARS)","727260"
"48.333","-71","BAGOTVILLE(CAN-MIL)","727270"
"48.517","-72.267","ROBERVAL AIRPORT","727280"
"46.617","-80.8","SUDBURY AIRPORT","727300"
"46.367","-79.417","NORTH BAY AIRPORT","727310"
"45.883","-82.567","GORE BAY AIRPORT","727330"
"46.467","-84.367","SAULT STE MARIE SANDERSON FIE","727340"
"46.25","-84.467","CHIPPEWA CO INTL","727344"
"46.483","-84.367","SAULT STE MARIE SANDERSON FIE","727345"
"45.571","-84.796","PELLSTON EMMET COUNTY AP","727347"
"47.7","-79.85","EARLTON AIRPORT","727350"
"52.8","173.167","DATSAV3 VIRT STATION (UNITED STATES)","727370"
"46.483","-84.5","SAULT STE MARIE","727375"
"47.967","-84.783","WAWA AIRPORT","727380"
"48.567","-81.367","TIMMINS AIRPORT","727390"
"45.933","-90.45","PARK FALLS MUNI","727410"
"45.633","-89.467","RHINELANDER ONEIDA","727415"
"45.4","-83.817","PRESQUE ISLE/ROGERS","727417"
"46.533","-87.55","MARQUETTE COUNTY ARPT","727430"
"45.3","-85.267","CHARLEVOIX","727434"
"45.867","-84.633","MACKINACK ISLAND","727435"
"44.983","-85.2","ANTRIM CO ARPT","727436"
"45.817","-88.117","IRON MOUNTAIN/FORD","727437"
"47.169","-88.506","HANCOCK HOUGHTON CO AP","727440"
"47.05","-91.75","TWO HARBORS","727444"
"46.533","-90.133","IRONWOOD (AWOS)","727445"
"46.417","-92.8","MOOSE LAKE CO ARPT","727449"
"46.844","-92.194","DULUTH INTERNATIONAL ARPT","727450"
"47.85","-96.617","CROOKSTON MUNI FLD","727452"
"46.901","-95.068","PARK RAPIDS MUNICIPAL AP","727453"
"47.833","-90.383","GRAND MARAIS MUNI","727454"
"47.387","-92.839","HIBBING CHISHOLM-HIBBING AP","727455"
"46.767","-92.083","DULUTH HARBOR (CGS)","727456"
"46.833","-95.883","DETROIT LAKES(AWOS)","727457"
"47.217","-93.517","GRAND RAPIDS(AWOS)","727458"
"47.817","-91.833","ELY MUNI","727459"
"44.983","-96.183","MADISON","727466"
"49.317","-94.9","FLAG ISLAND","727467"
"47.783","-93.65","BIGFORK","727468"
"48.566","-93.403","INTERNATIONAL FALLS INTL AP","727470"
"46.267","-92.567","CRANE LAKE (AWOS)","727473"
"47.4","-92.5","EVELETH MUNI (AWOS)","727474"
"45.883","-93.267","MORA MUNI (AWOS)","727475"
"48.728","-94.61","BAUDETTE INTERNATIONAL AP","727476"
"48.85","-95.7","ROSEAU MUNI (AWOS)","727477"
"48.783","-96.95","HALLOCK","727478"
"48.75","-91.617","ATIKOKAN (AUT)","727480"
"48.15","-94.517","WASKISH MUNI AIRPT","727486"
"48.367","-89.317","THUNDER BAY AIRPORT","727490"
"46.983","-94.183","LONGVILLE MUNI AIRP","727497"
"45.567","-93.267","CAMBRIDGE MUNI","727503"
"46.55","-93.683","AITKIN NDB(AWOS)","727504"
"47.583","-95.767","FOSSTON(AWOS)","727505"
"43.917","-95.117","WINDOM","727506"
"45.317","-95.65","BENSON MUNI","727507"
"46.717","-94.383","PINE RIVER","727508"
"46.383","-94.8","STAPLES","727514"
"45.3","-96.417","ORTONVILLE","727515"
"44.75","-94.067","GLENCOE MUNI","727517"
"46.925","-96.811","FARGO HECTOR INTERNATIONAL AP","727530"
"45.7","-96.5","WHEATON NDB (AWOS)","727533"
"46.93","-98.678","JAMESTOWN MUNICIPAL ARPT","727535"
"47.5","-94.933","BEMIDJI MUNICIPAL","727550"
"48.067","-96.183","THIEF RIVER(AWOS)","727555"
"47.2","-91.4","SILVER BAY","727556"
"43.667","-92.933","AUSTIN MUNI","727566"
"48.117","-98.9","DEVILS LAKE(AWOS)","727572"
"48.117","-98.917","DEVILS LAKE(AWOS)","727573"
"47.967","-97.4","GRAND FORKS AFB","727575"
"47.949","-97.176","GRAND FORKS INTERNATIONAL AP","727576"
"46.017","-102.65","HETTINGER","727584"
"46.774","-100.748","BISMARCK MUNICIPAL ARPT","727640"
"46.797","-102.802","DICKINSON MUNICIPAL AP","727645"
"48.195","-103.642","WILLISTON SLOULIN INTL AP","727670"
"48.417","-101.35","MINOT AFB","727675"
"48.259","-101.281","MINOT FAA AP","727676"
"48.214","-106.621","GLASGOW INTL ARPT","727680"
"48.417","-106.533","GLASGOW AFB","727685"
"48.1","-105.583","WOLF POINT INTL","727686"
"47.7","-104.2","SIDNEY-RICHLAND","727687"
"46.606","-111.964","HELENA REGIONAL AIRPORT","727720"
"46.921","-114.093","MISSOULA INTERNATIONAL AP","727730"
"47.473","-111.382","GREAT FALLS INTL ARPT","727750"
"47.517","-111.183","MALMSTROM AFB","727755"
"48.559","-109.78","HAVRE CITY-COUNTY AP","727770"
"48.304","-114.264","KALISPELL GLACIER PK INT'L AR","727790"
"48.608","-112.376","CUT BANK MUNI AP","727796"
"46.564","-120.534","YAKIMA AIR TERMINAL","727810"
"47.293","-121.337","STAMPEDE PASS","727815"
"47.4","-120.2","WENATCHEE/PANGBORN","727825"
"47.304","-119.514","EPHRATA AP FCWOS","727826"
"47.2","-119.317","MOSES LAKE/GRANT CO","727827"
"46.375","-117.014","LEWISTON NEZ PERCE CNTY AP","727830"
"47.767","-116.817","COEUR D`ALENE(AWOS)","727834"
"47.467","-115.8","MULLAN (AWRS)","727836"
"46.567","-119.6","HANFORD","727840"
"46.267","-119.117","PASCO/TRI-CITIES","727845"
"46.095","-118.287","WALLA WALLA CITY COUNTY AP","727846"
"47.621","-117.528","SPOKANE INTERNATIONAL AP","727850"
"47.967","-117.417","DEER PARK ARPT","727854"
"47.617","-117.65","FAIRCHILD AFB","727855"
"47.683","-117.317","FELTS FLD","727856"
"46.75","-117.117","PULLMAN/MOSCOW RGNL","727857"
"47.033","-120.533","ELLENSBURG/BOWERS","727883"
"48.117","-123.5","WILLIAM R FAIRCHILD","727885"
"48.417","-119.533","OMAK","727890"
"46.158","-123.878","ASTORIA REGIONAL AIRPORT","727910"
"45.617","-122.65","PEARSON FLD","727918"
"46.973","-122.903","OLYMPIA AIRPORT","727920"
"46.971","-123.937","HOQUIAM AP","727923"
"47.233","-123.15","SHELTON/SANDERSON","727925"
"46.483","-122.8","TOLEDO-WINLOCK MEM","727926"
"46.971","-123.937","HOQUIAM AP","727927"
"47.483","-122.75","BREMERTON NATIONAL","727928"
"47.461","-122.314","SEATTLE SEATTLE-TACOMA INTL A","727930"
"47.483","-122.217","RENTON MUNI","727934"
"47.533","-122.3","SEATTLE/BOEING FLD","727935"
"47.9","-122.283","SNOHOMISH CO","727937"
"47.267","-122.567","TACOMA NARROWS","727938"
"47.934","-124.561","QUILLAYUTE STATE AIRPORT","727970"
"48.35","-122.65","WHIDBEY ISLAND NAS","727975"
"48.794","-122.537","BELLINGHAM INTL AP","727976"
"48.517","-123.017","FRIDAY HARBOR","727985"
"48.65","-123.433","VICTORIA INTL ARPT","727990"
"48.367","-123.75","VICTORIA MARINE RAD","727995"
"47.617","-52.75","ST JOHNS/TORBAY","728010"
"46.883","-55.417","SAINT LAWRENCE","728020"
"48.95","-54.567","GANDER INTL AIRPORT","728030"
"49.217","-57.4","SAGLEK (BAY)","728040"
"47.283","-54","ARGENTIA (MARS)","728070"
"51.433","-57.217","BLANC SABLON ARPT","728080"
"49.85","-64.45","PORT MENIER (MARS)","728100"
"50.25","-63.6","HAVRE ST PIERRE","728105"
"50.217","-66.267","SEPT-ILES AIRPORT","728110"
"51.85","-63.283","LAKE EON","728120"
"50.183","-61.8","NATASHQUAN AIRPORT","728130"
"48.533","-58.55","STEPHENVILLE ARPT","728150"
"53.317","-60.417","GOOSE BAY AIRPORT","728160"
"52.25","-55.6","BATTLE HARBOUR","728170"
"53.7","-57.033","CARTWRIGHT","728180"
"51.367","-55.633","SAINT ANTHONY","728190"
"49.767","-77.8","MATAGAMI AIRPORT","728210"
"49.817","-74.417","CHIBOUGAMAU-CHAPAIS","728220"
"51.95","-68.133","GAGNON","728241"
"52.933","-66.867","WABUSH LAKE AIRPORT","728250"
"53.2","-70.9","PANGNIRTUNG","728260"
"54.8","-66.817","SCHEFFERVILLE ARPT","728280"
"49.417","-82.467","KAPUSKASING AIRPORT","728310"
"49.7","-86.95","GERALDTON AIRPORT","728340"
"51.267","-80.65","MOOSONEE (SAWR)","728360"
"50.283","-88.9","ARMSTRONG (MARS)","728410"
"50.117","-91.9","SIOUX LOOKOUT ARPT","728420"
"49.833","-92.75","DRYDEN AIRPORT","728425"
"51.467","-90.2","PICKLE LAKE","728450"
"53.833","-89.867","BIG TROUT LAKE","728480"
"49.8","-94.367","KENORA AIRPORT","728500"
"49.9","-98.267","PORTAGE SOUTHPORT A","728510"
"49.9","-97.233","WINNIPEG INTL ARPT","728520"
"51.067","-93.817","RED LAKE AIRPORT","728540"
"51.1","-100.05","DAUPHIN AIRPORT","728550"
"50.617","-96.983","GIMLI","728560"
"54.683","-101.683","FLIN FLON AIRPORT","728575"
"53.183","-99.267","GRAND RAPIDS (MARS)","728580"
"50.383","-102.583","BROADVIEW","728610"
"49.067","-103","ESTEVAN AIRPORT","728620"
"50.433","-104.667","REGINA AIRPORT","728630"
"50.333","-105.55","MOOSE JAW (CAN-MIL)","728640"
"51.767","-104.2","WYNYARD","728650"
"52.167","-106.683","SASKATOON AIRPORT","728660"
"53.967","-101.1","THE PAS AIRPORT","728670"
"52.867","-102.4","HUDSON BAY","728680"
"53.217","-105.683","PRINCE ALBERT ARPT","728690"
"50.283","-107.683","SWIFT CURRENT ARPT","728700"
"53.35","-110.833","LLOYDMINSTER ARPT","728710"
"50.017","-110.717","MEDICINE HAT ARPT","728720"
"52.1","-111.45","CORONATION (MARS)","728730"
"49.633","-112.8","LETHBRIDGE AIRPORT","728740"
"49.5","-113.95","PINCHER CREEK (AUT)","728750"
"52.767","-108.25","NORTH BATTLEFORD","728760"
"51.1","-114.017","CALGARY INTNL ARPT","728770"
"52.183","-113.9","RED DEER AIRPORT","728780"
"53.567","-113.517","EDMONTON MUNICIPAL","728790"
"49.6","-115.783","CRANBROOK AIRPORT","728800"
"53.583","-116.45","EDSON AIRPORT","728810"
"50.967","-118.183","REVELSTOKE AIRPORT","728820"
"52.117","-119.3","BLUE RIVER (MAN)","728830"
"49.3","-117.633","CASTLEGAR AIRPORT","728840"
"50.7","-120.45","KAMLOOPS AIRPORT","728870"
"52.883","-118.067","JASPER","728880"
"49.467","-119.6","PENTICTON AIRPORT","728890"
"49.95","-119.383","KELOWNA APT","728895"
"49.05","-123.867","NANAIMO AIRPORT","728900"
"49.25","-124.833","BALLENAS IL AUTO8","728905"
"50.233","-121.583","LYTTON (READAC)","728910"
"49.183","-123.167","VANCOUVER INTL","728920"
"49.717","-124.9","COMOX (CAN-MIL)","728930"
"49.383","-126.533","ESTEVAN PT. (MARS)","728940"
"50.917","-127.95","BULL HARBOUR (DEAD)","728950"
"53.883","-122.667","PRINCE GEORGE ARPT","728960"
"52.267","-128.717","MCINNES ISLAND","728970"
"54.3","-130.433","PRINCE RUPERT ARPT","728980"
"54.25","-133.05","LANGARA","728990"
"55.45","-60.233","HOPEDALE (MAPS)","729000"
"55.333","-63.217","BORDER (MAPS)","729010"
"55.283","-77.767","KUUJJUARAPIK ARPT","729050"
"58.1","-68.417","KUUJJUAQ AIRPORT","729060"
"63.75","-68.55","IQALUIT","729090"
"56.35","-94.7","GILLAM AIRPORT","729120"
"58.75","-94.067","CHURCHILL AIRPORT","729130"
"64.2","-83.367","CORAL HARBOUR ARPT","729150"
"57.35","-107.133","CREE LAKE (MAPS)","729200"
"55.1","-105.3","LA RONGE AIRPORT","729220"
"74.717","-94.983","RESOLUTE AIRPORT","729240"
"64.3","-96","BAKER LAKE AIRPORT","729260"
"52.383","-114.917","ROCKY MTN HOUSE","729280"
"54.133","-115.667","WHITECOURT AIRPORT","729300"
"56.65","-111.217","FORT MCMURRAY ARPT","729320"
"58.767","-111.117","FORT CHIPEWYAN ARPT","729330"
"60.017","-111.967","FORT SMITH AIRPORT","729340"
"60.85","-115.767","HAY RIVER AIRPORT","729350"
"62.467","-114.45","YELLOWKNIFE AIRPORT","729360"
"67.833","-115.117","COPPERMINE AIRPORT","729380"
"68.933","-116.917","CAPE YOUNG AIRPORT","729390"
"55.183","-118.883","GRANDE PRAIRE ARPT","729400"
"56.233","-120.733","FORT ST. JOHN ARPT","729430"
"55.3","-123.133","MACKENZIE AIRPORT","729440"
"58.833","-122.583","FORT NELSON AIRPORT","729450"
"61.75","-121.233","FORT SIMPSON ARPT","729460"
"70.167","-124.683","CAPE PARRY AIRPORT","729480"
"54.817","-127.183","SMITHERS AIRPORT","729500"
"54.467","-128.583","TERRACE AIRPORT","729510"
"54.233","-125.767","BURNS LAKE","729520"
"60.117","-128.817","WATSON LAKE AIRPORT","729530"
"68.3","-133.483","INUVIK AIRPORT","729570"
"69.45","-133","TUKTOYAKTUK","729590"
"60.717","-135.067","WHITEHORSE AIRPORT","729640"
"61.367","-139.05","BURWASH (AUTO8)","729670"
"41.2","-74.617","SUSSEX","740001"
"40.167","-112.933","DUGWAY PROVING GROU","740030"
"65.283","-126.8","NORMAN WELLS ARPT","740430"
"60.167","-132.75","TESLIN ARPT (AUT)","740450"
"52.117","-124.083","PUNTZI MTN (MARS)","740500"
"55.75","-120.183","DAWSON CREEK","740561"
"58.617","-117.167","HIGH LEVEL AIRPORT","740660"
"56.233","-117.433","PEACE RIVER AIRPORT","740680"
"55.3","-114.783","SLAVE LAKE AIRPORT","740690"
"62.717","-109.167","FORT RELIANCE","740730"
"59.567","-108.483","URANIUM CITY(MARS)","740760"
"55.85","-108.467","BUFFALO NARROWS AUT","740770"
"56.867","-101.067","LYNN LAKE AIRPORT","740780"
"55.8","-97.867","THOMPSON AIRPORT","740790"
"70.45","-68.55","CYLDE AIRPORT","740900"
"66.583","-61.617","CAPE DYER AIRPORT","740940"
"53.25","-131.817","SANDSPIT AIRPORT","741010"
"53.033","-122.517","QUESNEL AIRPORT","741030"
"52.183","-122.067","WILLIAMS LAKE ARPT","741040"
"50","-127.417","PINE ISLAND (MAPS)","741050"
"49.083","-125.767","TOFINO","741060"
"51.933","-131.017","CAPE ST JAMES","741070"
"49.017","-122.367","ABBOTSFORD AIRPORT","741080"
"50.683","-127.367","PORT HARDY AIRPORT","741090"
"50.583","-126.933","ALERT BAY","741100"
"50.783","-128.433","CAPE SCOTT","741110"
"49.367","-121.5","HOPE AIRPORT (MAN)","741140"
"54.417","-110.283","COLD LAKE (CAN-MIL)","741200"
"53.667","-113.467","EDMONTON/NAMAO(MIL)","741210"
"51.183","-115.567","BANFF","741220"
"53.317","-113.583","EDMONTON INTL ARPT","741230"
"54.117","-108.433","MEADOW LAKE AIRPORT","741250"
"50.55","-111.9","BROOKS","741260"
"51.467","-109.167","KINDERSLEY ARPT","741290"
"53.333","-104","NIPAWIN AIRPORT","741300"
"49.167","-105.967","ROCKGLEN (MARS)","741350"
"51.267","-102.467","YORKTON AIRPORT","741380"
"49.917","-99.95","BRANDON AIRPORT","741400"
"53.967","-97.833","NORWAY HOUSE ARPT","741410"
"53.867","-94.667","ISLAND LAKE AIRPORT","741450"
"53.55","-64.1","CHURCHILL FALLS","741820"
"50.233","-57.583","DANIELS HARBOUR","741850"
"49.133","-68.2","BAIE COMEAU AIRPORT","741870"
"48.767","-64.483","GASPE AIRPORT","741895"
"49.267","-54.883","COMFORT COVE","741930"
"47.617","-57.617","BUGEO","741940"
"47.867","-55.85","SAINT ALBANS","741950"
"48.7","-53.083","BONAVISTA","741960"
"47.567","-59.167","PORT-AUX-BASQUES","741970"
"52.8","173.167","DATSAV3 VIRT STATION (UNITED STATES)","742010"
"47.133","-122.483","MC CHORD AFB/TACOMA","742060"
"47.083","-122.583","FORT LEWIS/GRAY AAF","742070"
"47.083","-122.583","GRAY AAF","742071"
"36.433","-79.85","REIDSVILLE/SHILOH","742077"
"38.883","-82.083","MASON COUNTY AIRPOR","742079"
"46.428","-105.886","MILES CITY MUNICIPAL ARPT","742300"
"33.95","-96.4","DURANT","742513"
"34.05","-94.4","DE QUEEN","743312"
"44.05","-75.733","FORT DRUM/WHEELER-S","743700"
"43.9","-69.933","BRUNSWICK NAS","743920"
"42.933","-71.433","GRENIER AFB","743941"
"42.933","-71.433","MANCHESTER AIRPARK","743945"
"42.783","-71.517","NASHUA/BOIRE FIELD","743946"
"52.8","173.167","DATSAV3 VIRT STATION (UNITED STATES)","743950"
"44.883","-63.517","HALIFAX INTL","743951"
"44.983","-64.917","GREENWOOD (CAN-MIL)","743970"
"45.367","-63.267","TRURO (MARS)","743980"
"42.417","-73.283","PITTSFIELD MUNI","744104"
"37.817","-88.55","HARRISBURG","744652"
"38.15","-89.7","SPARTA","744653"
"41.767","-88.467","AURORA MUNICIPAL","744655"
"38.417","-88.417","FAIRFIELD","744656"
"38.517","-89.1","CENTRALIA","744657"
"38.667","-88.45","FLORA","744658"
"38.717","-88.183","OLNEY-NOBLE","744659"
"39.067","-88.533","EFFINGHAM","744661"
"39.533","-89.333","TAYLORSVILLE","744662"
"39.633","-90.783","PITTSFIELD","744663"
"42.117","-87.9","CHICAGO/PALWAUKEE","744665"
"40.15","-89.333","LINCOLN","744672"
"40.655","-73.796","NEW YORK J F KENNEDY INT'L AR","744860"
"40.717","-73.4","REPUBLIC","744864"
"40.85","-72.633","WESTHAMPTON BEACH","744865"
"52.8","173.167","DATSAV3 VIRT STATION (UNITED STATES)","744900"
"42.717","-71.117","LAWRENCE MUNI","744904"
"42.567","-71.6","FORT DEVENS AAF","744905"
"42.2","-72.533","CHICOPEE/WESTOVER","744910"
"42.15","-72.717","WESTFIELD/BARNES","744915"
"42.5","-79.283","DUNKIRK","744989"
"42.85","-73.933","SCHENECTADY AIRPORT","744994"
"36.983","-120.117","MADERA","745046"
"39.5","-121.617","OROVILLE","745048"
"33.033","-116.917","RAMONA","745056"
"36.933","-121.783","WATSONVILLE","745058"
"34.617","-122.317","ALAMEDA NAS","745060"
"37.417","-122.05","MOFFETT FED. AIRFLD","745090"
"38.267","-121.933","TRAVIS AFB/FAIRFLD","745160"
"38.967","-104.817","AIR FORCE ACADEMY","745310"
"37.7","-98.75","PRATT MUNICIPAL","745430"
"37.333","-95.517","PARSONS/TRI CITY","745431"
"39.833","-84.05","WRIGHT-PATERSON AFB","745700"
"38.817","-76.867","ANDREWS AFB","745940"
"38.317","-75.117","OCEAN CITY MUNI APT","745946"
"39","-74.9","CAPE MAY CO","745966"
"37.083","-76.367","LANGLEY AFB/HAMPTON","745980"
"36.633","-80.017","MARTINSVILLE","745985"
"34.55","-120.617","VANDENBERG BOAT HOU","746061"
"35.683","-117.683","CHINA LAKE NAF","746120"
"36.667","-87.5","FORT CAMPBELL (AAF)","746710"
"37.056","-88.774","PADUCAH BARKLEY FIELD","746715"
"36.981","-86.436","BOWLING GREEN WARREN CO AP","746716"
"35.567","-77.05","WARREN FIELD ARPT","746925"
"35","-77.967","DUPLIN CO ARPT","746929"
"35.133","-78.933","FORT BRAGG/SIMMONS","746930"
"35.65","-79.883","ASHEBORO MUNI","746935"
"35.367","-78.733","ERWIN/HARNETT ARPT","746936"
"35.767","-79.05","CHAPEL HILL/WILLIAM","746939"
"35.467","-77.967","GOLDSBORO/WAYNE","746940"
"36.261","-76.175","ELIZABETH CITY MUNICIPAL AP","746941"
"52.8","173.167","DATSAV3 VIRT STATION (UNITED STATES)","746943"
"36.333","-119.95","LEMOORE REEVES NAS","747020"
"34.05","-117.567","ONTARIO INTL ARPT","747040"
"32.833","-115.583","IMPERIAL","747185"
"33.628","-116.16","PALM SPRINGS THERMAL AP","747187"
"33.619","-114.717","BLYTHE RIVERSIDE CO ARPT","747188"
"32.85","-106.1","HOLLOMAN AFB","747320"
"33.9","-106.4","NORTHRUP LANDING ST","747330"
"30.583","-100.65","SONORA","747335"
"32.633","-106.4","WHITE SANDS MISSILE","747340"
"31.917","-98.6","COMMANCHE AIRPORT","747355"
"30.511","-99.766","JUNCTION KIMBLE COUNTY AP","747400"
"31.333","-92.55","ALEXANDRIA INTERNATIONAL","747540"
"30.4","-89.067","GULFPORT BILOXI INT","747685"
"30.417","-88.917","KEESLER AFB/BILOXI","747686"
"30.467","-88.533","PASCAGOULA","747688"
"30.067","-85.583","TYNDALL AFB","747750"
"30.533","-85.183","MARIANNA","747760"
"30.433","-86.683","HURLBURT FIELD (AF)","747770"
"32","-81.133","HUNTER AAF","747804"
"33.983","-83.967","LAWRENCEVILLE","747808"
"30.967","-83.2","MOODY AFB/VALDOSTA","747810"
"34.017","-84.6","MARIETTA COBB","747812"
"27.85","-82.517","MACDILL AFB/TAMPA","747880"
"33.967","-80.467","SHAW AFB/SUMTER","747900"
"33.683","-78.933","MYRTLE BEACH CIV","747910"
"33.817","-78.717","NORTH MYRTLE BEACH","747915"
"28.05","-81.75","WINTERHAVEN","747930"
"28.467","-80.55","CAPE KENNEDY (AFS)","747940"
"28.617","-80.7","NASA SHUTTLE FCLTY","747945"
"28.617","-80.717","NASA SHUTTLE FCLTY","747946"
"28.233","-80.6","PATRICK AFB/COCOA B","747950"
"53.8","-0.75","HOLME","749007"
"33.016","-85.066","LA GRANGE GA/GALLOWAY APT FAA","749011"
"45.583","-70.866","MEGANTIC QUEBEC DOT APT","749020"
"44.316","-77.633","STIRLING ONTARIO DOT","749021"
"40.183","-74.066","BELMAR NJ/SIG CORPS EVANS LAB","749022"
"8.6","-79.916","CHAME  PANAMA","749025"
"8.233","-78.9","REY ISLAND  PANAMA","749026"
"8.85","-79.783","LA CHORRERA  PANAMA","749027"
"9.133","-79.233","PACORA  PANAMA LAJOYA","749028"
"8.25","-80.566","AGUADULCE  PANAMA","749035"
"26.366","-80.1","BOCA RATON FLORIDA AAF","749044"
"27.466","-81.366","SEBRING FLORIDA/HENDRICKS FLD","749045"
"29.883","-97.866","SAN MARCOS TX/EDWARD GARY AFB","749056"
"29.35","-98.449","SAN ANTONIO TEXAS/BROOKS AFB","749058"
"32.266","-64.85","BERMUDA BWI NS","749066"
"34.8","-79.366","MAXTON NC/LAURINBURG MAXTON","749068"
"39.433","-77.449","FREDERICK MD/CAMP DETRICK","749070"
"36.233","-76.133","WEEKSVILLE NORTH CAROLINA NAF","749072"
"32.4","-86.25","MONTGOMERY ALABAMA/GUNTER FLD","749073"
"38.933","-85.916","SEYMOUR INDIANA/FREEMAN FLD","749074"
"38.833","-85.416","JEFFERSON/PROVING GRDS AAF IN","749076"
"35.433","-82.483","HENDERSONVILLE APT","749082"
"32.499","-85.766","TUSKEGEE ALABAMA AAF","749089"
"30.666","-96.55","BRYAN TEXAS AFB","749091"
"37.1","-95.583","COFFEYVILLE KANSAS AAF","749092"
"37.166","-97.033","WINFIELD KS/STROTNER FLD","749097"
"48","-66.683","CAMPBELLTON NEW BRUNSWICK DOT","749103"
"40.733","-73.6","HEMPSTEAD N Y/MITCHEL AFB","749105"
"40.65","-98.083","HARVARD NEBRASKA AAF","749111"
"41.45","-95.066","ATLANTIC IOWA CAA","749113"
"52.383","-0.416","MOLESWORTH   RAF STATION","749114"
"53.383","-2.65","WARRINGTON ENGBURTONWOOD A","749117"
"54.766","-58.45","CAPE HARRISON NEWFOUNDLAND DO","749118"
"58.216","-62.583","HEBRON NEWFOUNDLAND","749119"
"63.95","-22.616","KEFLAVIK /MEEKS FLD WBAS","749126"
"65.933","-36.683","IKATEK GREENLAND","749127"
"60.683","-46.533","SIMIUTAK GREENLAND AB","749132"
"66.033","-53.566","CRUNCHER ISLAND GREENLAND","749140"
"63.433","-51.183","MARRAK POINT GREENLAND","749141"
"67.1","-62.35","PADLOPING ISLAND NWT DOT","749142"
"28.866","-100.516","EAGLE PASS TEXAS AAF","749155"
"34.483","-104.216","FORT SUMNER NEW MEXICO AAF","749158"
"35.533","-100.75","PAMPA TEXAS AAF","749159"
"31.4","-103.516","PECOS TEXAS AAF","749160"
"31.516","-103.133","PYOTE TEXAS AFB","749161"
"31.933","-108.983","RODEO NEW MEXICO CAA","749163"
"33.233","-107.016","ENGLE NEW MEXICO CAA","749164"
"31.833","-107.65","COLUMBUS NEW MEXICO FAA","749165"
"32.516","-111.316","TUCSON ARIZONA/MARANA AAF","749167"
"35.116","-119.3","TAFT CALIFORNIA/GARDNER FIELD","749170"
"35.133","-118.449","TEHACHAPI CALIFORNIA","749171"
"52.216","-174.2","ATKA ALASKA","749205"
"67.433","-150.216","WISEMAN ALASKA WB","749222"
"23.616","87.2","ONDAL INDIA","749238"
"14.666","107.8","DAK TO VIETNAM AI","749313"
"15.116","145.7","SAIPAN MARIANA IS/KOBLER","749316"
"26.383","127.75","OKINAWA RYUKYU IS/YONTAN AB","749331"
"32.083","118.75","NANKING CHINA/TAI CHIAO AF","749347"
"30.583","114.25","HANKOW CHINA","749348"
"36.083","129.566","CHANGGAI GAP /ROK AFS K-3","749388"
"-15.5","167.25","ESPIRITU SANTO NEW HEBRIDES","749445"
"33.416","-115.833","SANDY BEACH CALIFORNIA NAS","749477"
"48.083","11.266","OBERPFAFFENHOFEN GERMANY AD","749538"
"32.533","-116.967","GENERAL ABELARDO L","760013"
"32.633","-115.233","GENERAL RODOLFO SAN","760053"
"31.85","-116.633","ENSENADA","760500"
"31.3","-113.55","PUERTO PENASCO","760610"
"31.633","-106.417","ABRAHAM GONZALEZ IN","760753"
"16.45","-93.067","TUXTLA GUTIERREZ","760754"
"30.367","-109.683","PILARES DE NACOZARI","761180"
"30.617","-106.517","VILLA AHUMADA","761300"
"29.167","-118.317","ISLA GUADALUPE","761510"
"29.083","-110.933","HERMOSILLO INTL","761600"
"28.633","-106.083","CHIHUAHUA UNIVERSIT","762250"
"28.7","-105.967","GENERAL R FIERRO VI","762253"
"28.7","-100.533","PIEDRAS NEGRAS","762430"
"27.283","-112.25","SANTA ROSALIA","762530"
"27.917","-110.883","GUAYMAS-IN-SONORA","762550"
"27.967","-110.917","GENERAL JOSE MARIA","762555"
"27.367","-109.933","CIUDAD OBREGON SON.","762580"
"27.433","-99.567","QUETZALCOATL INTL","762863"
"26.017","-111.333","LORETO","763050"
"26.883","-101.433","MONCLOVA","763420"
"26","-98.217","GENERAL LUCIO BLANC","763503"
"25.683","-109.083","VALLE DEL FUERTE IN","763615"
"25.533","-103.433","TORREON AIRPORT","763820"
"25.367","-101.017","SALTILLO","763900"
"25.867","-100.383","AEROP.INTERNACIONAL","763940"
"25.767","-100.1","GENERAL MARIANO ESC","763943"
"25.783","-100.1","MONTERREY/ESCOBEDO","763944"
"25.767","-97.517","GENERAL SERVANDO CA","763993"
"24.167","-110.3","LA PAZ (CITY)","764050"
"24.067","-110.35","GENERAL MANUEL MARQ","764055"
"23.15","-109.717","LOS CABOS INTL","764056"
"24.8","-107.4","CULIACAN (CITY)","764120"
"24.817","-107.4","CULIACAN (CITY)","764125"
"24.117","-104.517","DURANGO INTL","764235"
"23.2","-106.417","COLONIA JUAN CARRAS","764580"
"23.15","-106.25","MAZATLAN/G.BUELNA I","764591"
"23.15","-106.267","GENERAL RAFAEL BUEL","764593"
"23.7","-98.95","CIUDAD VICTORIA","764915"
"23.767","-98.2","SOTO LA MARINA","764990"
"22.883","-102.683","GENERAL LEOBARDO C","765255"
"22.183","-100.983","SAN LUIS POTOSI","765390"
"22.2","-97.85","TAMPICO","765480"
"22.283","-97.85","TAMPICO/GEN FJ MINA","765491"
"22.283","-97.867","GENERAL FRANCISCO J","765493"
"22.283","-97.85","TAMPICO/GEN FJ MINA","765494"
"21.517","-104.883","TEPIC","765560"
"21.867","-102.3","AGUASCALIENTES","765710"
"20.983","-101.483","DE GUANAJUATO INTL","765773"
"21.033","-86.883","CANCUN INTL","765905"
"21.033","-86.867","CANCUN INTL","765906"
"20.683","-105.25","PUERTO VALLARTA","766010"
"20.683","-105.25","PUERTO VALLARTA","766011"
"20.667","-105.25","LICENCIADO GUSTAVO","766013"
"20.6","-97.45","TAJIN","766127"
"20.517","-103.3","DON MIGUEL Y HIDALG","766133"
"20.583","-100.4","QUERETARO","766250"
"20.083","-98.367","TULANCINGO","766340"
"20.083","-98.367","TULANCINGO","766342"
"20.983","-89.65","AEROP.INTERNACIONAL","766440"
"20.933","-89.667","MERIDA/LICENCIADO","766443"
"22.1","-103.267","DATSAV3 VIRT STATION (MEXICO)","766490"
"20.517","-86.95","COZUMEL INTL ARPT","766491"
"20.517","-86.917","COZUMEL INTL","766493"
"19.133","-104.55","PLAYA DE ORO INTL","766534"
"19.05","-104.317","MANZANILLO","766540"
"19.383","-102.033","LICENCIADO Y GEN IG","766546"
"19.267","-103.583","COLIMA","766580"
"19.85","-101.017","GENERAL FRANCISCO J","766655"
"19.333","-99.567","LICENCIADO ADOLFO L","766753"
"19.433","-99.133","AEROP. INTERNACIONA","766790"
"19.433","-99.067","LICENCIADO BENITO J","766793"
"19.05","-98.167","PUEBLA","766850"
"19.55","-96.917","JALAPA","766870"
"19.15","-96.183","VERACRUZ/GEN JARA","766910"
"19.133","-96.183","GENERAL HERIBERTO J","766913"
"19.15","-96.117","HACIENDA YLANG YLAN","766920"
"19.85","-90.55","CAMPECHE/IGNACIO","766950"
"18.883","-99.233","CUERNAVACA","767260"
"18.1","-94.583","MINATITLAN","767383"
"18.133","-94.417","COATZACOALCOS","767410"
"17.983","-92.817","C P A CARLOS ROVIRO","767433"
"18.017","-92.95","VILLAHERMOSA","767441"
"18.65","-91.8","CIUDAD DEL CARMEN I","767493"
"18.483","-88.3","CHETUMAL","767500"
"16.45","-95.083","IXTEPEC","767502"
"17.6","-101.45","IXTAPA ZIHUATANEJO","767584"
"17","-96.717","XOXOCOTLAN INTL","767755"
"16.75","-99.767","ACAPULCO/G. ALVAREZ","768053"
"16.75","-99.75","GENERAL JUAN N ALVA","768056"
"16.75","-93.133","TUXTLA GUTIERREZ A","768430"
"15.767","-96.25","BAHIAS DE HUATULCO","768485"
"15.867","-97.083","PUERTO ESCONDIDO","768556"
"14.783","-92.367","TAPACHULA INTL","769043"
"32.366","-64.683","BERMUDA INTL","780160"
"26.55","-78.7","FREEPORT INTL ARPT","780620"
"25.05","-77.467","NASSAU AIRPORT NEW","780730"
"22.983","-82.4","AEROPUERTO JOSE MAR","782240"
"23.017","-81.433","VARADERO/MT","782290"
"22.15","-80.4","CIENFUEGOS(CIV/MIL)","782440"
"21.417","-77.85","CAMAGUEY AEROPUERTO","782550"
"22.45","-78.317","JARDINES DEL RAY","782561"
"20.783","-76.317","FRANK PAIS","782623"
"19.967","-75.85","SANTIAGO DE CUBA","782640"
"23.167","-82.35","CASA BLANCA","783250"
"22.883","-82.5","SAN ANTONIO BANOS","783284"
"21.783","-78.783","CIEGO AVILA/VENEZUE","783460"
"21.4","-77.85","CAMAGUEY","783550"
"19.9","-75.217","GUANTANAMO BAY NAS","783670"
"19.25","-81.417","GRAND CAYMAN","783830"
"19.283","-81.35","OWEN ROBERTS INTL","783840"
"18.5","-77.917","MONTEGO BAY/SANGSTE","783880"
"17.933","-76.783","KINGSTON/NORMAN MAN","783970"
"18.567","-72.3","PORT-AU-PRINCE/AERO","784390"
"19.75","-70.55","PUERTO PLATA INTL","784570"
"19.75","-70.55","PUERTO PLATA","784580"
"19.45","-70.7","SANTIAGO","784600"
"18.45","-68.9","CASA DE CAMPO INTL","784785"
"18.567","-68.367","PUNTA CANA","784790"
"18.467","-69.967","HERRERA","784840"
"18.433","-69.667","LAS AMERICAS","784850"
"18.433","-69.883","SANTO DOMINGO","784860"
"18.5","-67.133","AQUADILLA/BORINQUEN","785140"
"18.25","-67.15","EUGENIO MARIA DE HO","785145"
"18.017","-66.567","PONCE/MERCEDITA","785201"
"18","-66.55","MERCEDITA","785203"
"18.417","-66","SAN JUAN INTL ARPT","785260"
"18.433","-66","SAN JUAN L M MARIN INTL AP","785263"
"18.25","-65.633","ROOSEVELT ROADS","785350"
"18.35","-64.967","CHARLOTTE AMALIE HARRY S TRUM","785430"
"17.7","-64.8","CHRISTIANSTED HAMILTON FIELD","785470"
"17.533","-88.3","BELIZE/PHILLIP GOLD","785830"
"15.317","-91.467","HUEHUETENANGO","786270"
"16.9","-89.867","TIKAL INTL","786311"
"15.717","-88.6","PUERTO BARRIOS","786370"
"14.583","-90.517","GUATEMALA (AEROPUER","786410"
"13.917","-90.817","SAN JOSE","786470"
"13.7","-89.117","SAN SALVADOR/ILOPAN","786630"
"13.433","-89.05","EL SALVADOR INTL. A","786660"
"13.267","-87.65","AMAPALA","787000"
"16.317","-86.517","ROATAN","787030"
"15.733","-86.867","LA CEIBA (AIRPORT)","787050"
"15.45","-87.933","LA MESA (SAN PEDRO","787080"
"15.217","-83.8","PUERTO LEMPIRA","787110"
"14.783","-88.783","SANTA ROSA DE COPAN","787170"
"14.317","-88.167","LA ESPERANZA","787190"
"14.05","-87.217","TEGUCIGALPA","787200"
"13.3","-87.183","CHOLUTECA","787240"
"14.067","-83.367","PUERTO CABEZAS","787300"
"12.1","-85.367","JUIGALPA","787350"
"12.633","-87.133","CHINANDEGA","787390"
"12.15","-86.167","MANAGUA A.C.SANDINO","787410"
"12","-83.767","BLUEFIELDS","787450"
"9.983","-84.217","JUAN SANTAMARIA INT","787620"
"9.95","-84.133","TOBIAS BOLANOS INTL","787625"
"10","-83.05","PUERTO LIMON","787670"
"10.617","-85.433","LIBERIA","787740"
"9.05","-79.367","TOCUMEN","787920"
"8.4","-82.417","DAVID","787930"
"8.083","-80.95","SANTIAGO","787950"
"8.983","-79.55","MARCOS A GELEBE I","788060"
"8.983","-79.517","MARCOS A. GELABERT","788067"
"8.967","-79.55","ALBROOK AFB/BALBOA","788071"
"8.383","-80.117","RIO HATO","788078"
"17.3","-62.683","GOLDEN ROCK","788580"
"17.117","-61.783","COOLIDGE FIELD (UA)","788610"
"17.117","-61.783","VC BIRD INTL AIRPOR","788620"
"18.033","-63.117","PRINSES JULIANA","788660"
"16.267","-61.6","LE RAIZET/GUADELOUP","788970"
"15.533","-61.3","MELVILLE HALL AIRPO","789050"
"15.533","-61.4","CANEFIELD AIRPORT","789060"
"14.6","-61","LE LAMENTIN","789250"
"13.75","-60.95","HEWANORRA INTL AIRP","789480"
"13.133","-61.2","ARNOS VALE","789510"
"13.067","-59.483","GRANTLEY ADAMS","789540"
"12","-61.783","POINT SALINES AIRPO","789580"
"11.15","-60.833","CROWN POINT","789613"
"11.15","-60.833","CROWN POINT AIRPORT","789620"
"10.617","-61.35","PIARCO INT. AIRPORT","789700"
"12.5","-70.017","QUEEN BEATRIX AIRPO","789820"
"12.2","-68.967","HATO ARPT (CIV/MIL)","789880"
"12.15","-68.283","FLAMINGO AIRPORT","789900"
"12.583","-81.717","SAN ANDRES (ISLA)/S","800010"
"10.45","-75.517","CARTAGENA/RAFAEL NU","800220"
"10.883","-74.783","BARRANQUILLA/ERNEST","800280"
"4.217","-74.633","DATSAV3 VIRT STATION (COLOMBIA)","800810"
"7.1","-73.2","BUCARAMANGA/PALONEG","800940"
"7.933","-72.517","CUCUTA/CAMILO DAZA","800970"
"6.217","-75.6","MEDELLIN/OLAYA HERR","801100"
"6.133","-75.433","RIONEGRO/J.M.CORDOV","801120"
"4.283","-74.8","GIRARDOT/SANTIAGO V","802190"
"4.7","-74.133","BOGOTA/ELDORADO","802220"
"3.55","-76.383","CALI/ALFONSO BONILL","802590"
"-4.167","-69.95","LETICIA/VASQUEZ COB","803980"
"15.7","-63.633","BOGUS VENEZUELAN","804020"
"11.417","-69.683","CORO","804030"
"11.8","-66.183","LA ORCHILA","804050"
"10.567","-71.733","MARACAIBO-LA CHINIT","804070"
"10.067","-69.317","BARQUISIMETO","804100"
"10.5","-68","PTO. CABELLO","804120"
"10.25","-67.65","MARACAY - B.A. SUCR","804130"
"10.6","-66.983","CARACAS/MAIQUETIA A","804150"
"10.5","-66.883","CARACAS/LA CARLOTA","804160"
"10.117","-64.683","BARCELONA","804190"
"10.9","-63.967","DEL CARIBE INTL GEN","804214"
"9.817","-70.933","MENE GRANDE","804250"
"9.35","-70.617","VALERA","804260"
"9.55","-69.233","ACARIGUA","804270"
"9.017","-69.733","GUANARE","804280"
"9.917","-67.333","SAN JUAN DE LOS MOR","804310"
"9.75","-63.183","MATURIN","804350"
"8.6","-71.183","MERIDA","804380"
"8.617","-70.217","BARINAS","804400"
"8.933","-67.417","CALABOZO","804420"
"8.15","-63.55","CIUDAD BOLIVAR","804440"
"7.85","-72.45","SAN ANTONIO DEL TAC","804470"
"7.9","-67.417","SAN FERNANDO DE APU","804500"
"10.167","-67.933","VALENCIA","804720"
"6.8","-58.15","GEORGETOWN","810010"
"6.5","-58.25","TIMEHRI/CHEDDI JAG","810020"
"5.45","-55.2","ZANDERIJ","812250"
"5.45","-55.183","JOHAN A PENGEL INTL","812253"
"4.833","-52.367","ROCHAMBEAU","814050"
"2.833","-60.7","BOA VISTA (AEROPORT","820220"
"2.067","-50.85","AMAPA","820300"
"0.033","-51.05","MACAPA","820980"
"0.05","-51.067","MACAPA-AEROPORTO","820990"
"-3.033","-60.05","EDUARDO GOMES INTL","821110"
"-1.383","-48.483","BELEM (AEROPORTO)","821930"
"-2.433","-54.717","SANTAREM-AEROPORTO","822440"
"-2.6","-44.233","SAO LUIZ (AEROPORTO","822810"
"-2.917","-41.75","PARNAIBA (AEROPORTO","822880"
"-3.367","-64.7","TEFE","823170"
"-3.15","-59.983","MANAUS (AEROPORTO)","823320"
"-3.783","-38.533","FORTALEZA (AEROPORT","823980"
"-3.85","-32.417","FERNANDO DE NORONHA","824000"
"-3.667","-69.667","TABATINGA","824110"
"-5.35","-49.15","MARABA","825620"
"-5.05","-42.817","TERESINA (AEROPORTO","825790"
"-5.2","-37.367","MOCORO/17 ROSADO","825910"
"-5.917","-35.25","NATAL AEROPORTO","825990"
"-26.867","-48.65","MINISTRO VICTOR KON","825991"
"-7.633","-72.667","CRUZEIRO DO SUL","827040"
"-6.117","-50","CARAJAS","827641"
"-7.217","-35.883","CAMPINA GRANDE","827950"
"-7.1","-34.867","JOAO PESSOA","827980"
"-8.767","-63.917","PORTO VELHO (AEROPO","828240"
"-8.116","-34.916","RECIFE  BRAZIL/IBURA FLD","828981"
"-8.067","-34.85","RECIFE (AEROPORTO)","828990"
"-10","-67.8","RIO BRANCO","829170"
"-9.517","-35.783","MACEIO (AEROPORTO)","829930"
"-10.983","-37.067","ARACAJU (AEROPORTO)","830950"
"-10.917","-37.05","ARACAJU","830960"
"-12.7","-60.1","VILHENA (AEROPORTO)","832080"
"-12.9","-38.333","SALVADOR (AEROPORTO","832480"
"-14.8","-39.067","ILHEUS","833480"
"-14.817","-39.033","ILHEUS (AEROPORTO)","833490"
"-15.65","-56.1","CUIABA (AEROPORTO)","833620"
"-15.867","-47.933","BRASILIA (AEROPORTO","833780"
"-16.233","-48.967","ANAPOLIS (BRAZ-AFB)","834190"
"-16.633","-49.217","GOIANIA (AEROPORTO)","834240"
"-17.633","-39.25","CARAVELAS (AEROPORT","834970"
"-19.083","-57.5","CORUMBA","835520"
"-19.783","-47.967","UBERABA","835760"
"-19.75","-47.917","UBERABA","835770"
"-19.85","-43.95","BELO HORIZONTE (AER","835830"
"-19.933","-43.933","BELO HORIZONTE","835870"
"-20.467","-54.667","CAMPO GRANDE (AEROP","836120"
"-20.267","-40.283","VITORIA (AEROPORTO)","836490"
"-21.133","-47.767","LEITE LOPES","836793"
"-21.85","-46.567","POCOS DE CALDAS","836810"
"-21.25","-43.767","BARBACENA","836890"
"-21.75","-41.333","CAMPOS","836980"
"-22.55","-55.7","PONTA PORA (AEROPOR","837030"
"-22.117","-51.383","PRESIDENTE PRUDENTE","837160"
"-23","-47.133","CAMPINAS (AEROPORTO","837210"
"-22.317","-49.117","BAURU","837220"
"-22.8","-43.683","SANTA CRUZ (AEROPOR","837410"
"-22.817","-43.25","GALEAO","837460"
"-22.867","-43.367","AFONSOS (AEROPORTO)","837480"
"-22.9","-43.167","RIO DE JANEIRO (AER","837550"
"-23.333","-51.133","LONDRINA (AEROPORTO","837680"
"-24.083","-54.25","GUAIRA","837750"
"-23.433","-46.467","GUARULHOS","837753"
"-23.433","-46.467","SAO PAULO/CUMBICA","837780"
"-23.617","-46.65","SAO PAULO (AEROPORT","837800"
"-23.233","-45.833","SAO JOSE DOS CAMPOS","838090"
"-25.517","-54.583","FOZ DO IGUACU (AERO","838270"
"-25.517","-49.167","CURITIBA (AEROPORTO","838400"
"-27.667","-48.55","FLORIANOPOLIS (AERO","838990"
"-29.783","-57.033","URUGUAIANA (AEROPOR","839280"
"-29.717","-53.7","SANTA MARIA (AEROPO","839370"
"-30","-51.183","PORTO ALEGRE (AEROP","839710"
"-31.35","-54.117","BAGE (AEROPORTO)","839810"
"-31.783","-52.417","PELOTAS","839850"
"-0.45","-90.267","SEYMOUR AEROPUERTO","840010"
"-0.95","-80.7","MANTA/ELOY ALFARO","840120"
"0.967","-79.633","ESMERALDAS AEROPUER","840180"
"0.083","-78.3","ASCAZUBI","840450"
"-0.133","-78.483","QUITO AEROPUERTO","840710"
"-0.583","-80.4","BAHIA DEL CARAQUEZ","841010"
"-1.033","-80.467","PORTOVIEJO/REALES","841110"
"-1.033","-80.45","PORTOVIEJO","841115"
"-0.95","-80.683","MANTA","841170"
"-0.9","-78.617","LATACUNGA AEROPUERT","841230"
"-2.15","-79.883","GUAYAQUIL/SIMON BOL","841290"
"-2.883","-78.967","CUENCA/MARISCAL LA.","841390"
"-2.15","-79.883","GUAYAQUIL AEROPUERT","842030"
"-2.883","-78.983","CUENCA AEROPUERTO","842390"
"-3.55","-80.4","TUMBES","843700"
"-3.783","-73.3","IQUITOS","843770"
"-4.567","-81.233","TALARA","843900"
"-5.2","-80.6","PIURA","844010"
"-6.2","-77.85","CHACHAPOYAS","844440"
"-6.783","-79.817","CHICLAYO","844520"
"-8.083","-79.1","TRUJILLO","845010"
"-9.133","-78.517","CHIMBOTE","845310"
"-9.35","-77.6","ANTA (HUARAZ)","845420"
"-9.867","-76.2","HUANUCO","845640"
"-12","-77.117","LIMA-CALLAO/AEROP.","846280"
"-0.117","-75.25","DATSAV3 VIRT STATION (PERU)","846310"
"-13.267","-70.667","QUINCEMIL","846770"
"-13.533","-71.933","CUZCO","846860"
"-13.733","-76.217","PISCO","846910"
"-15.383","-75.167","SAN JUAN","847210"
"-15.483","-70.15","JULIACA","847350"
"-16.332","-71.567","AREQUIPA","847520"
"-18.05","-70.267","TACNA","847820"
"-11.033","-68.783","COBIJA","850410"
"-11","-66.117","RIBERALTA","850430"
"-13.767","-65.433","SANTA ANA","851230"
"-14.817","-64.917","TRINIDAD","851540"
"-16.517","-68.183","LA PAZ/ALTO","852010"
"-17.417","-66.183","COCHABAMBA","852230"
"-17.633","-63.133","VIRU-VIRU","852440"
"-17.8","-63.183","SANTA CRUZ/EL TROMP","852450"
"-19.017","-65.3","SUCRE","852830"
"-18.467","-70.167","ARICA","854060"
"-23.433","-70.45","ANTOFAGASTA","854420"
"-40.617","-73.067","CANAL BAJO CARLOS H","854590"
"-27.25","-70.767","DESIERTO DE ATACAMA","854595"
"-27.167","-109.433","ISLA DE PASCUA","854690"
"-27.3","-70.417","COPIAPO","854700"
"-28.6","-70.767","VALLENAR","854860"
"-29.917","-71.2","LA SERENA","854880"
"-33.383","-70.783","PUDAHUEL","855740"
"-33.483","-70.7","LOS CERRILLOS","855790"
"-34.967","-71.233","CURICO","856290"
"-36.767","-73.067","CONCEPCION","856820"
"-38.75","-72.633","TEMUCO","857430"
"-41.433","-73.1","PUERTO MONTT","857990"
"-45.917","-71.7","BALMACEDA","858740"
"-52.4","-75.1","FARO EVANGELISTAS","859300"
"-53","-70.967","PUNTA ARENAS","859340"
"-56.5","-68.667","ISLA DIEGO RAMIREZ","859720"
"-62.25","-58.933","FREI CHI-BASE","859840"
"-25.25","-57.517","ASUNCION/AEROPUERTO","862180"
"-25.45","-54.833","GUARANI INTL","862183"
"-25.75","-56.433","VILLARRICA","862330"
"-30.267","-57.583","BELLA UNION","863150"
"-30.383","-56.5","ARTIGAS","863300"
"-30.883","-55.533","RIVERA","863500"
"-31.383","-57.95","SALTO","863600"
"-32.333","-58.033","PAYSANDU","864300"
"-32.366","-54.183","MELO","864400"
"-32.8","-56.517","PASO DE LOS TOROS","864600"
"-33.25","-58.067","MERCEDES","864900"
"-33.217","-54.383","TREINTA Y TRES","865000"
"-33.35","-56.5","DURAZNO","865300"
"-34.067","-56.233","FLORIDA","865450"
"-34.45","-57.833","COLONIA","865600"
"-34.483","-54.3","ROCHA","865650"
"-34.783","-56.25","MELILLA","865750"
"-34.833","-56","CARRASCO","865800"
"-34.85","-55.083","CAPITAN CORBETA C A","865823"
"-34.85","-56.2","PRADO","865850"
"-34.867","-55.1","LAGUNA DEL SAUCE","865860"
"-22.1","-65.6","LA QUIACA OBSERVATO","870070"
"-23.15","-64.316","ORAN AERO","870160"
"-22.65","-63.817","TARTAGAL AERO","870220"
"-24.383","-65.083","JUJUY AERO","870460"
"-24.85","-65.483","SALTA AERO","870470"
"-24.7","-60.583","LAS LOMITAS","870780"
"-25.733","-54.467","IGUAZU AERO","870970"
"-26.833","-65.2","TUCUMAN/TENIENTE BE","871200"
"-26.85","-65.099","TUCUMAN AERO","871210"
"-27.767","-64.3","SANTIAGO DEL ESTERO","871290"
"-26.733","-60.483","PRESIDENCIA R S PENA","871480"
"-26.817","-60.45","PRESIDENCIA ROQUE S","871490"
"-27.45","-59.05","RESISTENCIA AERO","871550"
"-26.2","-58.233","FORMOSA AERO","871620"
"-27.45","-58.767","CORRIENTES AERO.","871660"
"-27.367","-55.967","POSADAS AERO.","871780"
"-29.383","-66.817","LA RIOJA AERO.","872170"
"-28.6","-65.767","CATAMARCA AERO.","872220"
"-29.9","-63.683","VILLA DE MARIA DEL","872440"
"-29.883","-61.95","CERES AERO","872570"
"-29.183","-59.7","RECONQUISTA AERO","872700"
"-29.783","-57.983","CURUZU CUATIA AERO","872860"
"-29.683","-57.15","PASO DE LOS LIBRES","872890"
"-31.4","-68.417","SAN JUAN AERO","873110"
"-30.367","-66.283","CHAMICAL AERO","873200"
"-31.95","-65.132","VILLA DOLORES AERO","873280"
"-31.317","-64.217","CORDOBA AERO","873440"
"-31.667","-63.883","PILAR OBSERVATORIO","873490"
"-31.783","-60.483","PARANA AERO","873740"
"-30.267","-57.65","MONTE CASEROS AERO","873930"
"-31.3","-58.017","CONCORDIA AERO","873950"
"-33.083","-68.417","SAN MARTIN","874160"
"-32.833","-68.783","MENDOZA AERO","874180"
"-33.267","-66.35","SAN LUIS AERO","874360"
"-33.733","-65.382","VILLA REYNOLDS AERO","874480"
"-33.117","-64.233","RIO CUARTO AERO","874530"
"-32.7","-62.15","MARCOS JUAREZ AERO","874670"
"-32.917","-60.783","ROSARIO AERO","874800"
"-33","-58.617","GUALEGUAYCHU AERO","874970"
"-35.5","-69.583","MALARGUE AERO","875060"
"-34.583","-68.4","SAN RAFAEL AERO","875090"
"-35.7","-63.75","GENERAL PICO AERO","875320"
"-34.133","-63.367","LABOULAYE AERO","875340"
"-35.867","-61.9","PEHUAJO AERO","875440"
"-34.55","-60.917","JUNIN AERO","875480"
"-34.483","-58.617","DON TORCUATO AERO","875680"
"-34.6","-58.6","EL PALOMAR AERO","875710"
"-34.817","-58.533","EZEIZA AERO","875760"
"-34.567","-58.417","AEROPARQUE BS. AS.","875820"
"-34.583","-58.483","BUENOS AIRES OBSERV","875850"
"-34.967","-57.9","LA PLATA AERO","875930"
"-35.367","-57.283","PUNTA INDIO B.A.","875960"
"-36.567","-64.266","SANTA ROSA AERO","876230"
"-36.75","-59.833","AZUL AIRPORT","876420"
"-37.233","-59.25","TANDIL AERO","876450"
"-36.35","-57.733","DOLORES AERO","876480"
"-38.333","-60.25","TRES ARROYOS","876880"
"-37.933","-57.583","MAR DEL PLATA AERO","876920"
"-38.95","-68.133","NEUQUEN AERO","877150"
"-38.733","-62.167","BAHIA BLANCA AERO","877500"
"-41.15","-71.167","BARILOCHE AERO","877650"
"-40.783","-65.099","SAN ANTONIO OESTE A","877840"
"-40.85","-63.017","VIEDMA AERO","877910"
"-42.933","-71.15","ESQUEL AERO","878030"
"-43.2","-65.266","TRELEW AERO","878280"
"-46.517","-71.017","PERITO MORENO AERO","878520"
"-45.783","-67.5","COMODORO RIVADAVIA","878600"
"-50.267","-72.05","EL CALAFATE AERO","879040"
"-49.317","-67.75","SAN JULIAN AERO","879090"
"-51.617","-69.283","RIO GALLEGOS AERO","879250"
"-53.8","-67.75","RIO GRANDE B.A.","879340"
"-54.8","-68.317","USHUAIA AERO","879380"
"-51.817","-58.45","MOUNT PLEASANT AIRP","888890"
"-51.7","-57.867","STANLEY","888900"
"-51.683","-57.767","STANLEY AIRPORT","888910"
"-54.267","-36.5","GRYTVIKEN S.GEORGIA","889030"
"-60.717","-45.6","SIGNY ISLAND","889250"
"36.817","5.883","DATSAV3 VIRT STATION (ALGERIA)","889340"
"36.817","5.883","DATSAV3 VIRT STATION (ALGERIA)","889380"
"36.817","5.883","DATSAV3 VIRT STATION (ALGERIA)","889400"
"-65.25","-64.267","ARGENTINE ISLAND","889520"
"-63.4","-56.983","BASE ESPERANZA","889630"
"-60.733","-44.733","BASE ORCADAS","889680"
"-70.667","-8.25","NEUMAYER","890020"
"-75.5","-26.65","HALLEY","890220"
"-62.233","-58.633","BASE JUBANY","890530"
"-62.183","-58.833","DINAMET-URUGUAY","890540"
"-64.233","-56.717","BASE MARAMBIO","890550"
"-62.183","-58.983","FREI CHI-BASE","890560"
"-62.5","-59.683","BASE ARTURO PRAT","890570"
"-63.317","-57.9","BERNARDO O`HIGGINS","890590"
"-65.25","-64.266","FARADAY (ARG ISL)","890630"
"-69","39.583","SYOWA","895320"
"-67.6","62.867","MAWSON","895640"
"-68.583","77.95","DAVIS","895710"
"-66.283","110.517","CASEY","896110"
"28.217","-177.367","MIDWAY ISLAND (NWS)","910660"
"21.483","-158.033","KIPAPA FIELD HAWAII","911170"
"22.025","-159.789","BARKING SANDS","911620"
"21.979","-159.341","LIHUE AIRPORT","911650"
"21.583","-158.117","WAIALUA-ON-OAHU","911681"
"21.683","-158.033","WAIALEE  OAHU","911690"
"21.483","-158.033","WHEELER AFB/OAHU","911700"
"21.451","-157.768","KANEOHE BAY MCAS","911760"
"21.317","-158.067","KALAELOA ARPT","911780"
"21.333","-157.95","HICKAM AFB/OAHU","911800"
"21.328","-157.943","HONOLULU INTL ARPT","911820"
"21.333","-157.717","WAIMANALO","911840"
"21.15","-157.1","MOLOKAI (AMOS)","911860"
"20.902","-156.433","KAHULUI AIRPORT","911900"
"20.902","-156.433","KAHULUI AIRPORT","911903"
"20.95","-156.667","KAPALUA","911904"
"20.783","-156.95","LANAI","911905"
"19.733","-156.033","KONA INTL AT KEAHOL","911975"
"13.483","144.8","GUAM WFO","912120"
"13.567","144.917","ANDERSEN AFB","912180"
"14.167","145.25","ROTA INTL/ROTA ISL","912210"
"15.117","145.733","SAIPAN/ISLEY (CGS)","912320"
"15","145.617","WEST TINIAN","912333"
"19.283","166.65","WAKE ISLAND AIRFLD","912450"
"11.35","162.35","ENEWETAK","912500"
"16.733","-169.517","JOHNSTON ISLAND","912750"
"19.723","-155.051","HILO INTERNATIONAL AP","912850"
"7.45","151.833","CHUUK WSO AP","913340"
"6.967","158.217","POHNPEI WSO","913480"
"6.967","158.217","POHNPEI WEATHER CEN","913481"
"8.72","167.732","KWAJALEIN MISSLE RAN","913660"
"7.083","171.133","MAJURO ATOLL WEATHE","913691"
"7.083","171.383","MAJURO WSO AP","913760"
"7.333","134.483","KOROR WSO","914080"
"9.483","138.083","YAP ISLAND WSO AP","914130"
"1.983","-157.483","CHRISTMAS ISLAND","914900"
"-9.417","159.967","HONIARA","915170"
"-9.417","160.05","HONIARA/HENDERSON","915200"
"-13.85","167.55","SOLA (VANUA LAVA)","915510"
"-15.517","167.217","PEKOA AIRPORT (SANT","915540"
"-16.417","167.8","LAMAP (MALEKULA)","915550"
"-17.7","168.3","BAUERFIELD (EFATE)","915570"
"-17.75","168.3","PORT VILA/BAUERFLD","915580"
"-17.767","168.283","DATSAV3 VIRT STATION (VANUATU)","915620"
"-19.45","169.217","WHITE GRASS AIRPORT","915650"
"-20.233","169.767","ANEITYUM","915680"
"-20.567","164.283","KOUMAC (NLLE-CALEDO","915770"
"-20.767","167.233","OUANAHAM (ILE LIFOU","915820"
"-22.017","166.217","LA TONTOUTA (NLLE-C","915900"
"-22.25","166.467","NOUMEA MAGENTA","915915"
"-22.267","166.45","NOUMEA (NLLE-CALEDO","915920"
"1.35","172.917","TARAWA","916100"
"-8.517","179.217","FUNAFUTI INTL ARPT","916430"
"-12.5","177.05","ROTUMA","916500"
"-16.133","-179.983","UDU POINT AWS","916520"
"-17","178.7","NABOUWALU","916590"
"-16.7","177.583","YASAWA-I-RARA AWS","916600"
"-17.15","176.9","VIWA AWS","916700"
"-17.75","177.45","NADI AIRPORT","916800"
"-18.05","178.567","NAUSORI","916830"
"-18.233","-178.8","LAKEBA AWS","916910"
"-19.05","178.167","VUNISEA","916930"
"-19.133","179.75","MATUKU AWS","916970"
"-20.667","-178.717","ONO-I-LAU AWS","916990"
"-2.767","-171.717","CANTON ISLAND","917000"
"-13.233","-176.167","HIHIFO (ILE WALLIS)","917530"
"-14.317","-178.117","MAOPOOPO (ILE FUTUN","917540"
"-13.817","-172","FALEOLO AIRPORT","917590"
"14.332","-170.711","PAGO PAGO WSO AP","917650"
"-18.65","-173.983","VAVAU","917800"
"-19.8","-174.35","HAAPAI","917840"
"-21.133","-175.183","NUKUALOFA","917880"
"-21.233","-175.15","FUAAMOTU","917920"
"-9.017","-158.067","PENRHYN ISLAND","918000"
"-10.05","-161.1","RAKAHANGA ATOLL","918040"
"-10.883","-165.817","PUKAPUKA","918110"
"-19.067","-169.917","ALOFI","918220"
"-18.067","-163.183","PALMERSTON","918260"
"-18.833","-159.767","AMURI/AITUTAKI ISL","918300"
"-20.133","-157.35","MAUKE ISLAND","918400"
"-21.2","-159.817","RAROTONGA","918430"
"-21.917","-157.95","MANGAIA ISLAND","918470"
"-9.8","-139.033","ATUONA","919250"
"-16.45","-151.75","BORA-BORA/MOTU-MUTE","919300"
"-17.55","-149.617","TAHITI-FAAA","919380"
"-14.967","-147.667","RANGIROA/TUAMOTO IL","919410"
"-14.483","-145.033","TAKAROA","919430"
"-18.067","-140.95","HAO","919440"
"-23.133","-134.967","RIKITEA","919480"
"-21.817","-138.8","MURUROA","919520"
"-23.35","-149.483","TUBUAI","919540"
"-27.617","-144.333","RAPA","919580"
"-9.383","147.217","PORT MORESBY W.O.","920350"
"-35.067","173.283","KAITAIA AERODROME","930110"
"-35.1","173.267","KAITAIA","930120"
"-36.783","174.633","WHENUAPAI","931120"
"-37.017","174.8","AUCKLAND AIRPORT","931190"
"-38.667","177.983","GISBORNE AERODROME","932910"
"-39.017","174.183","NEW PLYMOUTH AERODR","933080"
"-40.2","175.367","OHAKEA","934010"
"-40.9","174.983","PARAPARAUMU AERODRO","934170"
"-41.283","174.767","WELLINGTON","934340"
"-41.333","174.8","WELLINGTON AIRPORT","934360"
"-41.75","171.6","WESTPORT HARBOUR","935160"
"-41.3","173.217","NELSON AERODROME","935450"
"-42.717","170.983","HOKITIKA AERODROME","936140"
"-43.483","172.55","CHRISTCHURCH","937800"
"-46.167","166.633","PUYSEGUR PT (LGT-H)","938060"
"-46.417","168.317","INVERCARGILL AERODR","938440"
"-45.767","170.733","TAIAROA HEAD","938960"
"-52.55","169.15","CAMPBELL ISLAND","939440"
"-43.95","-176.567","CHATHAM ISLAND","939860"
"-29.25","-177.917","RAOUL ISL/KERMADEC","939970"
"-5.217","145.8","MADANG W.O.","940140"
"-6.733","147","LAE","940270"
"-9.433","147.217","PORT MORESBY W.O.","940350"
"-4.2","152.183","RABAUL","940850"
"-13.733","130.683","MANGO FARM","941170"
"-12.417","130.883","DARWIN AIRPORT","941200"
"-12.233","131.032","GUNPOINT","941230"
"-14.517","132.367","TINDAL RAAF","941310"
"-14.45","132.267","KATHERINE AVIATION","941320"
"-12.283","136.817","GOVE AIRPORT","941500"
"-12.683","141.917","WEIPA AERO","941700"
"-12.6","158.467","SCHERGER","941710"
"-10.567","142.217","THURSDAY ISLAND","941750"
"-13.75","143.117","COEN AIRPORT","941840"
"-17.95","122.233","BROOME AIRPORT","942030"
"-18.233","127.667","HALLS CREEK AIRPORT","942120"
"-15.483","128.116","WYNDHAM","942140"
"-15.783","128.717","KUNUNURRA AERO","942160"
"-16.25","133.367","DALY WATERS","942340"
"-19.633","134.183","TENNANT CREEK MET O","942380"
"-15.75","136.8","CENTRE ISLAND","942480"
"-17.2","137.933","WOLLOGORANG","942580"
"-17.75","139.55","BURKETOWN POST OFFI","942590"
"-17.683","141.067","NORMANTON AIRPORT","942660"
"-17.667","141.083","NORMANTON","942670"
"-18.3","143.55","GEORGETOWN POST OFF","942750"
"-15.433","145.183","COOKTOWN MISSION","942830"
"-16.383","145.567","LOW ISLES LIGHTHOUS","942850"
"-16.883","145.75","CAIRNS AERO","942870"
"-19.25","146.767","TOWNSVILLE AERO","942940"
"-16.3","149.967","WILLIS ISLAND","942990"
"-24.883","113.667","CARNARVON AIRPORT","943000"
"-22.233","114.083","LEARMONTH AIRPORT","943020"
"-21.633","115.117","ONSLOW","943050"
"-20.783","117.15","ROEBOURNE POST OFFI","943090"
"-20.367","118.633","PORT HEDLAND AIRPOR","943120"
"-23.8","133.883","ALICE SPRINGS AIRPO","943260"
"-20.683","139.483","MOUNT ISA AERO","943320"
"-22.917","139.9","BOULIA AIRPORT","943330"
"-20.667","140.5","CLONCURRY AIRPORT","943350"
"-22.383","143.033","WINTON (POST OFFICE","943390"
"-20.733","143.133","RICHMOND POST OFFIC","943400"
"-24.417","145.467","BLACKALL","943510"
"-23.567","148.183","EMERALD AIRPORT","943630"
"-20.017","148.2","BOWEN AIRPORT","943660"
"-21.117","149.217","MACKAY MO","943670"
"-22.35","149.533","ST LAWRENCE POST OF","943690"
"-23.383","150.483","ROCKHAMPTON AERO","943740"
"-23.85","151.267","GLADSTONE RADAR","943800"
"-24.15","151.883","TOWN OF 1770","943840"
"-24.9","152.317","BUNDABERG AERO","943870"
"-24.717","153.2","SANDY CAPE","943900"
"-27.717","114.167","KALBARRI P.O.","944010"
"-25.917","113.517","SHARK BAY (DENHAM)","944020"
"-28.8","114.7","GERALDTON AIRPORT","944030"
"-29.267","117.683","PAYNES FIND","944040"
"-26.617","118.55","MEEKATHARRA AIRPORT","944300"
"-28.883","121.333","LEONORA POST OFFICE","944480"
"-25.033","128.3","GILES METEOROLOGICA","944610"
"-25.85","133.3","KULGERA","944660"
"-27.55","135.45","OODNADATTA AIRPORT","944760"
"-27.3","133.617","MARLA POLICE STATIO","944770"
"-28.117","140.217","MOOMBA (PRIVATE)","944810"
"-25.9","139.35","BIRDSVILLE POLICE S","944820"
"-29.433","142","TIBOOBURRA POST OFF","944850"
"-25.417","142.65","WINDORAH","944880"
"-28","143.817","THARGOMINDAH POST O","944920"
"-26.617","144.25","QUILPIE AIRPORT","944940"
"-28.067","145.683","CUNNAMULLA POST OFF","945000"
"-26.417","146.267","CHARLEVILLE AERO","945100"
"-25.85","148.567","INJUNE POST OFFICE","945110"
"-26.55","148.783","ROMA AIRPORT","945150"
"-29.467","149.85","MOREE","945270"
"-28.517","150.317","GOONDIWINDI AIRPORT","945300"
"-25.633","151.617","GAYNDAH POST OFFICE","945430"
"-27.583","151.933","TOOWOOMBA","945510"
"-25.9","153.083","RAINBOW BEACH","945640"
"-25.517","152.717","MARYBOROUGH COMPOSI","945670"
"-27.633","152.717","AMBERLEY AMO","945680"
"-27.567","153","ARCHERFIELD AIRPORT","945750"
"-27.483","153.033","BRISBANE CENTRAL","945760"
"-27.383","153.133","BRISBANE AERO","945780"
"-29.433","153.367","YAMBA PILOT STATION","945890"
"-28.167","153.5","COOLANGATTA AIRPORT","945920"
"-27.033","153.467","CAPE MORETON LIGHTH","945940"
"-27.633","152.7","AMBERLEY","945951"
"-12.267","136.817","GOVE","945955"
"-19.633","134.183","TENNANT CREEK","945957"
"-34.367","115.133","CAPE LEEUWIN","946010"
"-31.917","115.867","MOUNT LAWLEY PERTH","946080"
"-31.933","115.967","PERTH AIRPORT","946100"
"-31.667","116.017","PEARCE RAAF","946120"
"-30.283","116.667","DALWALLINU","946190"
"-31.233","119.333","SOUTHERN CROSS","946340"
"-33.117","118.467","LAKE GRACE","946350"
"-30.783","121.45","KALGOORLIE-BOULDER","946370"
"-33.833","121.883","ESPERANCE","946380"
"-32.2","121.783","NORSEMAN","946390"
"-30.833","128.1","FORREST AIRPORT","946460"
"-32.133","133.7","CEDUNA AMO","946530"
"-33.65","134.883","ELLISTON (P.O.)","946560"
"-33.133","135.55","KYANCUTTA","946570"
"-31.15","136.817","WOOMERA AERODROME","946590"
"-34.717","135.867","PORT LINCOLN","946600"
"-33.017","137.517","WHYALLA","946640"
"-34.383","137.667","MAITLAND","946650"
"-34","137.533","WARBURTO POINT","946660"
"-34.95","138.533","ADELAIDE AIRPORT","946720"
"-34.917","138.617","ADELAIDE REGIONAL O","946750"
"-35.517","138.8","HINDMARSH ISLAND AW","946770"
"-34.183","139.083","EUDUNDA","946800"
"-34.167","140.75","RENMARK","946870"
"-35.333","140.517","LAMEROO","946880"
"-34.233","142.083","MILDURA AIRPORT","946930"
"-30.033","145.95","BOURKE AIRPORT AWS","947030"
"-33.85","148.65","COWRA AIRPORT","947200"
"-33.383","149.117","ORANGE AIRPORT COMP","947260"
"-31.267","149.267","COONABARABRAN NAMOI","947280"
"-33.717","150.283","KATOOMBA","947440"
"-34.483","150.4","BOWRAL (PARRY DRIVE","947470"
"-34.95","150.533","NOWRA RAN AIR STATI","947500"
"-33.6","150.783","RICHMOND (AUS-AFB)","947530"
"-31.767","150.833","MURRURUNDI POST OFF","947560"
"-33.983","150.917","HOLSWORTHY CONTROL","947620"
"-33.933","151.183","SYDNEY AIRPORT AMO","947670"
"-33.85","151.2","SYDNEY REGIONAL OFF","947680"
"-33.283","151.567","NORAH HEAD LIGHTHOU","947700"
"-30.533","151.667","ARMIDALE UNIVERSITY","947730"
"-32.917","151.783","NEWCASTLE NOBBYS SI","947740"
"-32.8","151.833","WILLIAMTOWN RAAF","947760"
"-29.733","151.733","GLEN INNES POST OFF","947780"
"-31.9","152.483","TAREE (RADIO STATIO","947840"
"-31.433","152.917","PORT MACQUARIE","947870"
"-30.917","153.083","SMOKY CAPE LIGHTHOU","947900"
"-30.317","153.117","COFFS HARBOUR MO","947910"
"-34.933","117.8","ALBANY AIRPORT","948020"
"-35.333","136.117","NEPTUNE ISLAND","948040"
"-35.75","136.583","CAPE BORDA","948050"
"-36.1","140.35","KEITH","948160"
"-36.95","140.733","NARACOORTE","948190"
"-37.733","140.783","MOUNT GAMBIER AERO","948210"
"-36.333","141.633","NHILL COMPOSITE","948270"
"-38.317","141.467","PORTLAND CASHMORE A","948280"
"-37.65","142.067","HAMILTON AIRPORT","948290"
"-38.283","142.433","WARRNAMBOOL AIRPORT","948320"
"-37.283","142.983","ARARAT PRISON","948340"
"-38.85","143.517","CAPE OTWAY LIGHTHOU","948420"
"-35.383","143.533","SWAN HILL AERODROME","948430"
"-39.933","143.85","KING ISLAND CURRIE","948510"
"-37.517","143.783","BALLARAT AERODROME","948520"
"-37.733","145.4","GOLDSTREAM","948640"
"-37.867","144.75","LAVERTON AERODROME","948650"
"-37.667","144.85","MELBOURNE AIRPORT","948660"
"-37.817","144.967","MELBOURNE","948680"
"-36.55","145.967","BENALLA","948840"
"-38.217","146.467","LATROBE VALLEY AIRP","948910"
"-39.117","146.417","WILSONS PROMONTORY","948930"
"-38.1","147.133","EAST SALE AIRPORT","949070"
"-35.167","147.45","WAGGA WAGGA AMO","949100"
"-35.3","149.2","CANBERRA AIRPORT","949260"
"-37.567","149.9","GABO ISLAND","949330"
"-35.917","150.15","MORUYA HEADS PILOT","949370"
"-35.083","150.8","JERVIS BAY","949400"
"-43.65","146.267","MAATSUYKER ISLAND L","949620"
"-41.05","146.8","LOW HEAD (LGT-H)","949650"
"-43.5","147.15","CAPE BRUNY LIGHTHOU","949670"
"-41.533","147.2","LAUNCESTON AIRPORT","949680"
"-42.883","147.333","HOBART ELLERSLIE RO","949700"
"-42.2","145.167","CAPE SORELL","949740"
"-42.833","147.5","HOBART AIRPORT","949750"
"-43.167","147.833","PORT ARTHUR (PALMER","949780"
"-41","148.35","EDDYSTONE POINT","949830"
"-31.533","159.067","LORD HOWE ISLAND AE","949950"
"-29.033","167.933","NORFOLK ISLAND AERO","949960"
"-54.5","158.95","MACQUARIE ISLAND","949980"
"-15.45","145.183","COOKTOWN AIRPORT","952830"
"-28.1","140.2","MOOMBA AIRPORT","954810"
"-29.483","149.833","MOREE AERO","955270"
"-30.3","115.033","JURIEN","956000"
"-31.017","115.317","LANCELIN","956060"
"-34.75","137.517","MINLATON AERO","956590"
"-30.033","145.95","BOURKE ARPT","957030"
"-38.6","145.583","WONTHAGGI COMPOSITE","958810"
"-41","145.733","WYNYARD AIRPORT","959570"
"-41.167","146.417","DEVONPORT AIRPORT","959600"
"-40.733","148.117","SWAN ISLAND LIGHTHO","959800"
"1.217","111.45","SRI AMAN/SIMANGGA","960011"
"3.567","98.683","MEDAN/POLONIA","960350"
"1.117","104.117","BATAM/HANG NADIM","960870"
"0.467","101.45","PEKAN BARU/SIMPANGT","961090"
"-0.483","104.583","SINGKEP/DABO","961790"
"-2.9","104.7","PALEMBANG/ST. M. BA","962210"
"-2.167","106.133","PANGKAL PINANG","962370"
"-5.1","105.183","TANJUNG KARANG/RADI","962950"
"4.933","114.933","BRUNEI AIRPORT","963150"
"4.95","114.917","BRUNEI INTL","963154"
"4.583","114.2","KUALA BELAIT","963230"
"1.483","110.333","KUCHING","964130"
"2.333","111.833","SIBU","964210"
"3.2","113.033","BINTULU","964410"
"4.333","113.983","MIRI","964490"
"5.3","115.25","LABUAN","964650"
"5.933","116.05","KOTA KINABALU","964710"
"6.917","116.833","KUDAT","964770"
"4.267","117.883","TAWAU","964810"
"5.9","118.067","SANDAKAN","964910"
"-0.15","109.4","PONTIANAK/SUPADIO","965810"
"-1.267","116.9","BALIKPAPAN/SEPINGGA","966330"
"-3.433","114.75","BANJARMASIN/SYAMSUD","966850"
"-6.15","106.85","JAKARTA/KEMAYORAN","967430"
"-6.25","106.9","HALIM INTL(CIV/MIL)","967470"
"-6.117","106.65","JAKARTA/SOEKARNO-HA","967490"
"-6.9","107.583","BANDUNG/HUSEIN","967810"
"-7.733","109.017","CILACAP","968050"
"-7.617","111.517","MADIUN/ISWAHYUD AFB","968810"
"-7.217","112.717","SURABAYA/PERAK I","969330"
"-7.367","112.767","SURABAYA/JUANDA","969350"
"-8.217","114.383","BANYUWANGI","969870"
"-10.45","105.683","CHRISTMAS ISLAND AE","969950"
"-12.183","96.833","COCOS ISLAND AERO","969960"
"1.533","124.917","MENADO/ SAM RATULAN","970140"
"0.517","123.067","GORONTALO/JALALUDDI","970480"
"-0.683","119.733","PALU/MUTIARA","970720"
"-2.5","119","MAJENE","971200"
"-2.55","120.367","MASAMBA/ANDI JEMMA","971260"
"-4.1","122.433","KENDARI/WOLTER MONG","971460"
"-5.067","119.55","UJUNG PANDANG/HASAN","971800"
"-8.75","115.167","BALI DENPASAR NGURA","971925"
"-8.75","115.167","DENPASAR/NGURAH RAI","972300"
"-8.533","116.067","MATARAM/SELAPARANG","972400"
"-8.433","117.417","SUMBAWA BESAR/BRANG","972600"
"-8.633","122.25","MAUMERE/WAI OTI","973000"
"-9.667","120.333","WAINGAPU/MAU HAU","973400"
"-8.467","140.383","DATSAV3 VIRT STATION (INDONESIA)","974280"
"0.767","127.367","TERNATE/BABULLAH","974300"
"-1.183","136.117","BIAK/FRANS KAISIEPO","975600"
"-3.7","128.083","AMBON/PATTIMURA","977240"
"-4.533","129.9","NEIRA","977900"
"-5.683","132.75","TUAL/DUMATUBUN","978100"
"-7.983","131.3","SAUMLAKI/OLILIT","979000"
"20.45","121.967","BASCO","981350"
"17.883","120.45","SINAIT","982220"
"18.183","120.533","LAOAG","982230"
"18.367","121.633","APARRI","982320"
"15.333","119.967","IBA","983240"
"16.05","120.333","DAGUPAN","983250"
"15.167","120.567","CLARK AB","983270"
"15.183","120.55","CLARK INTL","983275"
"16.417","120.6","BAGUIO","983280"
"15.483","120.967","CABANATUAN","983300"
"14.583","120.983","MANILA","984250"
"14.8","120.267","SUBIC BAY","984260"
"14.5","120.917","SANGLEY POINT AB","984280"
"14.517","121","NINOY AQUINO INTERN","984290"
"14.633","121.017","SCIENCE GARDEN","984300"
"13.417","121.183","CALAPAN","984310"
"14.083","121.05","AMBULONG","984320"
"14.567","121.367","TANAY","984330"
"14.133","122.983","DAET","984400"
"13.133","123.733","LEGASPI","984440"
"13.583","124.233","VIRAC","984460"
"13.983","124.317","CATANDUANES RADAR","984470"
"12.35","121.033","SAN JOSE","985310"
"12.583","122.267","ROMBLON","985360"
"11.583","122.75","ROXAS","985380"
"12.367","123.617","MASBATE","985430"
"12.5","124.633","CATARMAN","985460"
"11.783","124.883","CATBALOGAN","985480"
"11.25","125","TACLOBAN","985500"
"11.65","125.433","BORONGAN","985530"
"11.033","125.733","GUIUAN","985580"
"9.75","118.733","PUERTO PRINCESA","986180"
"10.7","122.567","ILOILO","986370"
"9.3","123.3","DUMAGUETE","986420"
"9.6","123.85","TAGBILARAN","986440"
"10.333","123.9","LAHUG","986450"
"10.3","123.967","MACTAN","986460"
"9.8","125.5","SURIGAO","986530"
"8.433","124.283","LUMBIA AIRPORT","987470"
"8.483","124.633","CAGAYAN DE ORO","987480"
"8.933","125.517","BUTUAN","987520"
"7.117","125.65","DAVAO AIRPORT","987530"
"8.367","126.333","HINATUAN","987550"
"6.9","122.067","ZAMBOANGA","988360"
"6.117","125.183","GEN. SANTOS","988510"
"12","-95","ENVIRONM BUOY 43011","990080"
"57","-20","SHIP C7L/LIMA","990170"
"66","2","SHIP C7M/MIKE","990180"
"47","-17","SHIP C7R/ROMEO","990230"
"53.8","-3.5","PLATFORM NO. 62125","995110"
"61.2","1.6","PLATFORM NO. 63104","995270"
"50.7","0.4","ENVIRONM BUOY 62104","995930"
